CREATE DATABASE QLXEHONDA;
GO
USE QLXEHONDA;
GO

-- Tạo các bảng dữ liệu
	-- 1.Khách hàng
CREATE TABLE KHACHHANG
(
	MAKH VARCHAR(10) NOT NULL PRIMARY KEY,
	TENKH NVARCHAR(50),
	NS DATE CHECK(NS<GETDATE()),
	PHAI NVARCHAR(10) CHECK(PHAI IN (N'Nam',N'Nữ')),
	DIACHI NVARCHAR(100),
	SDT CHAR(10) UNIQUE CHECK(SDT LIKE '[0-9][0-9][0-9][0-9][0-9][0-9][0-9][0-9][0-9][0-9]'),
	EMAIL VARCHAR(50)
)
GO
	-- 2.Nhà sản xuất
CREATE TABLE NSX 
(
	MANSX VARCHAR(10) NOT NULL PRIMARY KEY,
	TENNSX NVARCHAR(50),
	DIACHI NVARCHAR(100),
	SDT CHAR(10) UNIQUE CHECK(SDT LIKE '[0-9][0-9][0-9][0-9][0-9][0-9][0-9][0-9][0-9][0-9]'),
	EMAIL VARCHAR(50)
)
GO
	-- 3.Bảo hành
CREATE TABLE BAOHANH 
(
	MABH VARCHAR(10) NOT NULL PRIMARY KEY,
	GOIBH NVARCHAR(50)
)
GO
	-- 4.Loại xe
CREATE TABLE LOAIXE 
(
	MALOAI VARCHAR(10) NOT NULL PRIMARY KEY,
	TENLOAI NVARCHAR(50) UNIQUE
)
GO
	-- 5.Xe
CREATE TABLE XE 
(
	MAXE VARCHAR(10) NOT NULL PRIMARY KEY,
	TENXE NVARCHAR(50),
	MALOAI VARCHAR(10),
	MABH VARCHAR(10),
	BAN NVARCHAR(50) CHECK (BAN IN (N'Tiêu chuẩn',N'Cao cấp',N'Đặc biệt',N'Cá tính',N'Thể thao',N'Vành đúc phanh đĩa',N'Vành nan hoa phanh cơ',N'Vành nan hoa phanh đĩa')),
	MAU NVARCHAR(50),
	GIA DECIMAL(20,2) CHECK(GIA>0),
	SL INT CHECK(SL>=0),
	FOREIGN KEY (MALOAI) REFERENCES LOAIXE(MALOAI),
	FOREIGN KEY (MABH) REFERENCES BAOHANH(MABH)
)
GO
	-- 6.Nhân viên
CREATE TABLE NHANVIEN
(
	MANV VARCHAR(10) NOT NULL PRIMARY KEY,
	TENNV NVARCHAR(50),
	NS DATE CHECK(NS<GETDATE()),
	PHAI NVARCHAR(10) CHECK(PHAI IN (N'Nam',N'Nữ')),
	DIACHI NVARCHAR(100),
	SDT CHAR(10) UNIQUE CHECK(SDT LIKE '[0-9][0-9][0-9][0-9][0-9][0-9][0-9][0-9][0-9][0-9]'),
	CHUCVU NVARCHAR(50),
	LUONG DECIMAL(20,2) CHECK (LUONG >0),
	MANQL VARCHAR(10),
	FOREIGN KEY (MANQL) REFERENCES NHANVIEN(MANV)
)
GO
	-- 7.Trả góp
CREATE TABLE TRAGOP
(
	MAGOI VARCHAR(10) NOT NULL PRIMARY KEY,
	TRATRUOC FLOAT(10),
	LAISUAT FLOAT(10),
	THOIGIAN INT CHECK (THOIGIAN>0)
)
GO
	-- 8.Phiếu nhập
CREATE TABLE PHIEUNHAP
(
	MANHAP VARCHAR(10) NOT NULL PRIMARY KEY,
	NGNHAP DATE CHECK (NGNHAP <= GETDATE()),
	MANV VARCHAR(10),
	MANSX VARCHAR(10),
	MAXE VARCHAR(10),
	SLNHAP INT CHECK(SLNHAP >=1),
	DGNHAP DECIMAL(20,2) CHECK(DGNHAP >0),
	THUENHAP FLOAT(10) CHECK(THUENHAP >=0 AND THUENHAP<=1),
	FOREIGN KEY (MANV) REFERENCES NHANVIEN(MANV),
	FOREIGN KEY (MANSX) REFERENCES NSX(MANSX),
	FOREIGN KEY (MAXE) REFERENCES XE(MAXE)
)
GO
	-- 9.Phiếu xuất
CREATE TABLE PHIEUXUAT
(
	MAXUAT VARCHAR(10) NOT NULL PRIMARY KEY,
	NGXUAT DATE CHECK (NGXUAT <= GETDATE()),
	MANV VARCHAR(10),
	MAKH VARCHAR(10),
	MAXE VARCHAR(10),
	SLXUAT INT CHECK(SLXUAT >=1),
	DGXUAT DECIMAL(20,2) CHECK (DGXUAT>0),
	THUEXUAT FLOAT(10) CHECK(THUEXUAT >=0 AND THUEXUAT<=1),
	PTTT NVARCHAR(50) CHECK (PTTT IN (N'Chuyển khoản', N'Tiền mặt', N'Thẻ ngân hàng', N'Thẻ Visa, Master Card')),
	MAGOI VARCHAR(10),
	FOREIGN KEY (MANV) REFERENCES NHANVIEN(MANV),
	FOREIGN KEY (MAKH) REFERENCES KHACHHANG(MAKH),
	FOREIGN KEY (MAXE) REFERENCES XE(MAXE),
	FOREIGN KEY (MAGOI) REFERENCES TRAGOP(MAGOI)
)
GO
	-- Ràng buộc SL trong bảng XE sẽ thêm một lượng đúng bằng SLNHAP trong bảng PHIEUNHAP khi thêm mới một PHIEUNHAP
CREATE TRIGGER TRG_NHAPHANG 
	ON PHIEUNHAP
	FOR DELETE
AS
BEGIN
	UPDATE XE
	SET SL=SL+(
		SELECT SLNHAP
		FROM deleted
		WHERE MAXE=XE.MAXE)
	FROM XE
	JOIN deleted ON XE.MAXE=deleted.MAXE
END
GO
	-- Ràng buộc SL trong bảng XE sẽ giảm một lượng đúng bằng SLXUAT trong bảng PHIEUXUAT khi thêm mới một PHIEUXUAT
CREATE TRIGGER TRG_XUATHANG 
	ON PHIEUXUAT
	AFTER INSERT
AS
BEGIN
	UPDATE XE
	SET SL=SL-(
		SELECT SLXUAT
		FROM inserted
		WHERE MAXE=XE.MAXE)
	FROM XE
	JOIN inserted ON XE.MAXE=inserted.MAXE
END
GO

-- Tạo hàm
	-- Tạo hàm kiểm tra khách hàng có tồn tại không bằng cách nhập SĐT khách hàng
CREATE FUNCTION CHECK_KH(@SDT CHAR(10))
RETURNS NVARCHAR(30)
AS 
BEGIN
	IF EXISTS(SELECT SDT FROM KHACHHANG WHERE KHACHHANG.SDT=@SDT)
		RETURN N'Khách hàng đã tồn tại'
	RETURN N'Khách hàng không tồn tại'
END
GO
	-- Tạo hàm kiểm tra nhân viên có tồn tại không bằng cách nhập SĐT nhân viên
CREATE FUNCTION CHECK_NV(@SDT CHAR(10))
RETURNS NVARCHAR(30)
AS
BEGIN
	IF EXISTS(SELECT SDT FROM NHANVIEN WHERE NHANVIEN.SDT=@SDT)
		RETURN N'Nhân viên đã tồn tại'
	RETURN N'Nhân viên không tồn tại'
END
GO
	-- Tạo hàm kiểm tra nhà sản xuất có tồn tại không bằng cách nhập SĐT nhà sản xuất
CREATE FUNCTION CHECK_NSX(@SDT CHAR(10))
RETURNS NVARCHAR(30)
AS
BEGIN
	IF EXISTS(SELECT SDT FROM NSX WHERE NSX.SDT=@SDT)
		RETURN N'Nhà sản xuất đã tồn tại'
	RETURN N'Nhà sản xuất không tồn tại'
END
GO
	-- Tạo hàm kiểm tra loại xe đã có trong bảng dữ liệu chưa bằng cách nhập vào tên xe
CREATE FUNCTION CHECK_LOAIXE(@TENLOAI NVARCHAR(50))
RETURNS NVARCHAR(40)
AS
BEGIN
	IF EXISTS(SELECT TENLOAI FROM LOAIXE WHERE LOAIXE.TENLOAI=@TENLOAI)
		RETURN N'Loại xe này tồn tại trong dữ liệu'
	RETURN N'Loại xe này không tồn tại trong dữ liệu'
END
GO
	-- Tạo hàm kiểm tra tên xe đã có trong bảng dữ liệu chưa bằng cách nhập vào tên xe
CREATE FUNCTION CHECK_XE(@TENXE NVARCHAR(50))
RETURNS NVARCHAR(40)
AS
BEGIN
	IF EXISTS(SELECT TENXE FROM XE WHERE XE.TENXE=@TENXE)
		RETURN N'Mẫu xe này tồn tại trong dữ liệu'
	RETURN N'Mẫu xe này không tồn tại trong dữ liệu'
END
GO
	-- Tạo hàm xem thông tin khách hàng khi nhập vào SDT khách hàng
CREATE FUNCTION INFO_KH(@SDT CHAR(10))
RETURNS TABLE
AS
RETURN SELECT * FROM KHACHHANG WHERE KHACHHANG.SDT=@SDT
GO
	-- Tạo hàm xem thông tin nhân viên khi nhập vào SDT nhân viên
CREATE FUNCTION INFO_NV(@SDT CHAR(10))
RETURNS TABLE
AS
RETURN SELECT * FROM NHANVIEN WHERE NHANVIEN.SDT=@SDT
GO
	-- Tạo hàm tính tổng thành tiền của phiếu nhập bằng cách nhập vào mã phiếu nhập
CREATE FUNCTION TIEN_NHAP(@MANHAP VARCHAR(10))
RETURNS DECIMAL(20,2)
AS
BEGIN
	DECLARE @DGNHAP DECIMAL(20,2), @SLNHAP INT, @THUENHAP FLOAT(10), @TIENNHAP DECIMAL(20,2)
	SET @DGNHAP=(SELECT DGNHAP FROM PHIEUNHAP WHERE PHIEUNHAP.MANHAP=@MANHAP)
	SET @SLNHAP=(SELECT SLNHAP FROM PHIEUNHAP WHERE PHIEUNHAP.MANHAP=@MANHAP)
	SET @THUENHAP=(SELECT THUENHAP FROM PHIEUNHAP WHERE PHIEUNHAP.MANHAP=@MANHAP)
	SET @TIENNHAP=@DGNHAP*@SLNHAP*(1+@THUENHAP)
	RETURN @TIENNHAP
END
GO
	-- Tạo hàm tính tổng thành tiền của phiếu xuất bằng cách nhập vào mã phiếu xuất
CREATE FUNCTION TIEN_XUAT(@MAXUAT VARCHAR(10))
RETURNS DECIMAL(20,2)
AS
BEGIN
	DECLARE @DGXUAT DECIMAL(20,2), @SLXUAT INT, @THUEXUAT FLOAT(10), @TIENXUAT DECIMAL(20,2)
	SET @DGXUAT=(SELECT DGXUAT FROM PHIEUXUAT WHERE PHIEUXUAT.MAXUAT=@MAXUAT)
	SET @SLXUAT=(SELECT SLXUAT FROM PHIEUXUAT WHERE PHIEUXUAT.MAXUAT=@MAXUAT)
	SET @THUEXUAT=(SELECT THUEXUAT FROM PHIEUXUAT WHERE PHIEUXUAT.MAXUAT=@MAXUAT)
	SET @TIENXUAT=@DGXUAT*@SLXUAT*(1+@THUEXUAT)
	RETURN @TIENXUAT
END
GO
	-- Tạo hàm truy vấn thông tin những đơn khách hàng đã đặt bằng cách nhập vào SĐT khách hàng
CREATE FUNCTION DON_KH_DAT(@SDT CHAR(10))
RETURNS TABLE
AS
RETURN (SELECT * FROM PHIEUXUAT WHERE PHIEUXUAT.MAKH IN (SELECT MAKH FROM KHACHHANG WHERE KHACHHANG.SDT=@SDT))
GO
	-- Tạo hàm tính số tiền khách hàng cần phải trả hằng tháng khi trả góp bằng cách nhập vào SĐT khách hàng và mã phiếu xuất
CREATE FUNCTION TIEN_THANG(@SDT CHAR(10),@MAXUAT VARCHAR(10))
RETURNS DECIMAL(20,2)
AS
BEGIN
	DECLARE @MAGOI VARCHAR(10),@LAISUAT FLOAT(10),@TRATRUOC FLOAT(10),@THOIGIAN INT,@TIENXUAT DECIMAL(20,2),@TIENTHANG DECIMAL(20,2)
	SET @MAGOI=(SELECT MAGOI FROM PHIEUXUAT WHERE PHIEUXUAT.MAXUAT=@MAXUAT)
	SET @LAISUAT=(SELECT LAISUAT FROM TRAGOP WHERE TRAGOP.MAGOI=@MAGOI)
	SET @TRATRUOC=(SELECT TRATRUOC FROM TRAGOP WHERE TRAGOP.MAGOI=@MAGOI)
	SET @THOIGIAN=(SELECT THOIGIAN FROM TRAGOP WHERE TRAGOP.MAGOI=@MAGOI)
	SET @TIENXUAT=dbo.TIEN_XUAT(@MAXUAT)
	SET @TIENTHANG=((@TIENXUAT*@LAISUAT*@THOIGIAN)+(@TIENXUAT*(1-@TRATRUOC)))/@THOIGIAN
	RETURN @TIENTHANG
END
GO
	-- Tạo hàm kiểm tra khách hàng số tiền còn nợ của khách hàng cách nhập vào SĐT khách hàng và mã phiếu xuất
CREATE FUNCTION TIEN_KH_NO(@SDT CHAR(10),@MAXUAT VARCHAR(10))
RETURNS DECIMAL(20,2)
AS
BEGIN
	DECLARE @MAGOI VARCHAR(10),@TIENTHANG DECIMAL(20,2),@THOIGIAN INT,@NGXUAT DATE,@SOTHANGCONLAI INT
	SET @MAGOI=(SELECT MAGOI FROM PHIEUXUAT WHERE PHIEUXUAT.MAXUAT=@MAXUAT)
	BEGIN
		SET @TIENTHANG=dbo.TIEN_THANG(@SDT,@MAXUAT)
		SET @THOIGIAN=(SELECT THOIGIAN FROM TRAGOP WHERE TRAGOP.MAGOI=@MAGOI)
		SET @NGXUAT=(SELECT NGXUAT FROM PHIEUXUAT WHERE PHIEUXUAT.MAXUAT=@MAXUAT)
		SET @SOTHANGCONLAI=DATEDIFF(m,@NGXUAT,GETDATE())-@THOIGIAN
		IF @SOTHANGCONLAI>0
			RETURN @SOTHANGCONLAI*@TIENTHANG
		RETURN 0
	END
END
GO
	-- Tạo hàm kiểm tra xe còn được bảo hành không bằng cách nhập mã phiếu xuất
CREATE FUNCTION BH_XE(@MAXUAT VARCHAR(10))
RETURNS NVARCHAR(50)
AS
BEGIN
	DECLARE @MAXE VARCHAR(10),@MABH VARCHAR(10),@GOIBH NVARCHAR(50),@TGBH INT,@TGBHCON INT,@NGXUAT DATE,@TGBHCON_ VARCHAR(10)
	SET @MAXE=(SELECT MAXE FROM PHIEUXUAT WHERE PHIEUXUAT.MAXUAT=@MAXUAT)
	SET @MABH=(SELECT MABH FROM XE WHERE XE.MAXE=@MAXE)
	SET @GOIBH=(SELECT GOIBH FROM BAOHANH WHERE BAOHANH.MABH=@MABH)
	SET @NGXUAT=(SELECT NGXUAT FROM PHIEUXUAT WHERE PHIEUXUAT.MAXUAT=@MAXUAT)
	SET @TGBH=CAST((LEFT(@GOIBH,(CHARINDEX(' ',@GOIBH,1)-1))) AS int)
	SET @TGBHCON=DATEDIFF(M,@NGXUAT,GETDATE())-@TGBH
	SET @TGBHCON_=CAST(@TGBHCON AS VARCHAR(10))
	IF @TGBHCON>0
		RETURN N'Xe còn bảo thành '+@TGBHCON_+' tháng'
	RETURN N'Xe hết bảo hành'
END
GO

-- Tạo store procedure
	-- Khách hàng
	-- Viết thủ tục nhập thông tin khách hàng
CREATE PROCEDURE NHAP_KH(@MAKH VARCHAR(10),@TENKH NVARCHAR(50),@NS DATE,@PHAI NVARCHAR(10),@DIACHI NVARCHAR(100),@SDT CHAR(10),@EMAIL VARCHAR(50))
AS
BEGIN
	IF(dbo.CHECK_KH(@SDT)=N'Khách hàng đã tồn tại')
	BEGIN
		PRINT N'Khách hàng '+@TENKH+N' đã tồn tại'
	END
	ELSE
	BEGIN TRY
		INSERT INTO KHACHHANG(MAKH,TENKH,NS,PHAI,DIACHI,SDT,EMAIL) VALUES (@MAKH,@TENKH,@NS,@PHAI,@DIACHI,@SDT,@EMAIL)
		PRINT N'Thêm khách hàng '+@TENKH+N' thành công'
	END TRY
	BEGIN CATCH
		PRINT N'Thêm khách hàng '+@TENKH+N' không thành công'
	END CATCH
END
GO
	-- Viết thủ tục xóa khách hàng bằng cách nhập vào mã khách hàng
CREATE PROCEDURE XOA_KH(@MAKH VARCHAR(10))
AS
BEGIN
	DECLARE @SDT CHAR(10),@TENKH NVARCHAR(50)
	SET @SDT=(SELECT SDT FROM KHACHHANG WHERE KHACHHANG.MAKH=@MAKH)
	SET @TENKH=(SELECT TENKH FROM KHACHHANG WHERE KHACHHANG.MAKH=@MAKH)
	IF(dbo.CHECK_KH(@SDT)=N'Khách hàng đã tồn tại')
	BEGIN TRY
		DELETE FROM KHACHHANG
		WHERE KHACHHANG.MAKH=@MAKH
		PRINT N'Xóa khách hàng '+@TENKH+' thành công'
	END TRY
	BEGIN CATCH
		PRINT N'Xóa khách hàng '+@TENKH+' không thành công'
	END CATCH
	ELSE
	BEGIN
		PRINT N'Khách hàng '+@TENKH+' không tồn tại'
	END
END
GO
	-- Cập nhật số điện thoại
CREATE PROCEDURE SUASDT_KH(@SDT CHAR(10),@SDTMOI CHAR(10))
AS
BEGIN
	DECLARE @TENKH NVARCHAR(50)
	SET @TENKH=(SELECT TENKH FROM KHACHHANG WHERE KHACHHANG.SDT=@SDT)
	IF(dbo.CHECK_KH(@SDT)=N'Khách hàng đã tồn tại')
	BEGIN TRY
		UPDATE KHACHHANG
		SET KHACHHANG.SDT=@SDTMOI
		WHERE KHACHHANG.SDT=@SDT
		PRINT N'Đổi số điện thoại của khách hàng '+@TENKH+' thành công'
	END TRY
	BEGIN CATCH
		PRINT N'Đổi số điện thoại của khách hàng '+@TENKH+' không thành công'
	END CATCH
	ELSE
	BEGIN
		PRINT N'Khách hàng '+@TENKH+' không tồn tại'
	END
END
GO
	-- Cập nhật địa chỉ
CREATE PROCEDURE SUAMAIL_KH(@SDT CHAR(10),@EMAILMOI NVARCHAR(100))
AS
BEGIN
	DECLARE @TENKH NVARCHAR(50)
	SET @TENKH=(SELECT TENKH FROM KHACHHANG WHERE KHACHHANG.SDT=@SDT)
	IF(dbo.CHECK_KH(@SDT)=N'Khách hàng đã tồn tại')
	BEGIN TRY
		UPDATE KHACHHANG
		SET KHACHHANG.EMAIL=@EMAILMOI
		WHERE KHACHHANG.SDT=@SDT
		PRINT N'Đổi email của khách hàng '+@TENKH+' thành công'
	END TRY
	BEGIN CATCH
		PRINT N'Đổi email của khách hàng '+@TENKH+' không thành công'
	END CATCH
	ELSE
	BEGIN
		PRINT N'Khách hàng '+@TENKH+' không tồn tại'
	END
END
GO
	-- Cập nhật email
CREATE PROCEDURE SUADC_KH(@SDT CHAR(10),@DIACHIMOI NVARCHAR(100))
AS
BEGIN
	DECLARE @TENKH NVARCHAR(50)
	SET @TENKH=(SELECT TENKH FROM KHACHHANG WHERE KHACHHANG.SDT=@SDT)
	IF(dbo.CHECK_KH(@SDT)=N'Khách hàng đã tồn tại')
	BEGIN TRY
		UPDATE KHACHHANG
		SET KHACHHANG.DIACHI=@DIACHIMOI
		WHERE KHACHHANG.SDT=@SDT
		PRINT N'Đổi địa chỉ của khách hàng '+@TENKH+' thành công'
	END TRY
	BEGIN CATCH
		PRINT N'Đổi địa chỉ của khách hàng '+@TENKH+' không thành công'
	END CATCH
	ELSE
	BEGIN
		PRINT N'Khách hàng '+@TENKH+' không tồn tại'
	END
END
GO
	-- Nhà sản xuất
	-- Viết thủ tục nhập thông tin nhà sản xuất
CREATE PROCEDURE NHAP_NSX(@MANSX VARCHAR(10),@TENNSX NVARCHAR(50),@DIACHI NVARCHAR(100),@SDT CHAR(10),@EMAIL VARCHAR(50))
AS
BEGIN
	IF(dbo.CHECK_NSX(@SDT)=N'Nhà sản xuất đã tồn tại')
	BEGIN
		PRINT N'Nhà sản xuất '+@TENNSX+N' đã tồn tại'
	END
	ELSE
	BEGIN TRY
		INSERT INTO NSX(MANSX,TENNSX,DIACHI,SDT,EMAIL)
		VALUES(@MANSX,@TENNSX,@DIACHI,@SDT,@EMAIL)
		PRINT N'Thêm nhà sản xuất '+@TENNSX+N' thành công'
	END TRY
	BEGIN CATCH
		PRINT N'Thêm nhà sản xuất '+@TENNSX+N' không thành công'
	END CATCH
END
GO
	-- Viết thủ tục xóa nhà sản xuất bằng cách nhập vào mã nhà sản xuất
CREATE PROCEDURE XOA_NSX(@MANSX VARCHAR(10))
AS
BEGIN
	DECLARE @SDT CHAR(10),@TENNSX NVARCHAR(50)
	SET @SDT=(SELECT SDT FROM NSX WHERE NSX.MANSX=@MANSX)
	SET @TENNSX=(SELECT @TENNSX FROM NSX WHERE NSX.MANSX=@MANSX)
	IF(dbo.CHECK_NSX(@SDT)=N'Nhà sản xuất đã tồn tại')
	BEGIN TRY
		DELETE FROM NSX
		WHERE NSX.MANSX=@MANSX
		PRINT N'Xóa nhà sản xuất '+@TENNSX+' thành công'
	END TRY
	BEGIN CATCH
		PRINT N'Xóa nhà sản xuất '+@TENNSX+' không thành công'
	END CATCH
	ELSE
	BEGIN
		PRINT N'Nhà sản xuất '+@TENNSX+' không tồn tại'
	END
END
GO
	-- Cập nhật số điện thoại
CREATE PROCEDURE SUASDT_NSX(@SDT CHAR(10),@SDTMOI CHAR(10))
AS
BEGIN
	DECLARE @TENNSX NVARCHAR(50)
	SET @TENNSX=(SELECT TENNSX FROM NSX WHERE NSX.SDT=@SDT)
	IF(dbo.CHECK_NSX(@SDT)=N'Nhà sản xuất đã tồn tại')
	BEGIN TRY
		UPDATE NSX
		SET NSX.SDT=@SDTMOI
		WHERE NSX.SDT=@SDT
		PRINT N'Đổi số điện thoại của nhà sản xuất '+@TENNSX+' thành công'
	END TRY
	BEGIN CATCH
		PRINT N'Đổi số điện thoại của nhà sản xuất '+@TENNSX+' không thành công'
	END CATCH
	ELSE
	BEGIN
		PRINT N'Nhà sản xuất '+@TENNSX+' không tồn tại'
	END
END
GO
	-- Cập nhật email
CREATE PROCEDURE SUAMAIL_NSX(@SDT CHAR(10),@EMAILMOI NVARCHAR(100))
AS
BEGIN
	DECLARE @TENNSX NVARCHAR(50)
	SET @TENNSX=(SELECT TENNSX FROM NSX WHERE NSX.SDT=@SDT)
	IF(dbo.CHECK_NSX(@SDT)=N'Nhà sản xuất đã tồn tại')
	BEGIN TRY
		UPDATE NSX
		SET NSX.EMAIL=@EMAILMOI
		WHERE NSX.SDT=@SDT
		PRINT N'Đổi email của nhà sản xuất '+@TENNSX+' thành công'
	END TRY
	BEGIN CATCH
		PRINT N'Đổi email của nhà sản xuất '+@TENNSX+' không thành công'
	END CATCH
	ELSE
	BEGIN
		PRINT N'Nhà sản xuất '+@TENNSX+' không tồn tại'
	END
END
GO
	-- Cập nhật địa chỉ
CREATE PROCEDURE SUADC_NSX(@SDT CHAR(10),@DIACHIMOI NVARCHAR(100))
AS
BEGIN
	DECLARE @TENNSX NVARCHAR(50)
	SET @TENNSX=(SELECT TENNSX FROM NSX WHERE NSX.SDT=@SDT)
	IF(dbo.CHECK_NSX(@SDT)=N'Nhà sản xuất đã tồn tại')
	BEGIN TRY
		UPDATE NSX
		SET NSX.DIACHI=@DIACHIMOI
		WHERE NSX.SDT=@SDT
		PRINT N'Đổi địa chỉ của nhà sản xuất '+@TENNSX+' thành công'
	END TRY
	BEGIN CATCH
		PRINT N'Đổi địa chỉ của nhà sản xuất '+@TENNSX+' không thành công'
	END CATCH
	ELSE
	BEGIN
		PRINT N'Nhà sản xuất '+@TENNSX+' không tồn tại'
	END
END
GO

	-- Nhân viên
	-- Viết thủ tục nhập thông tin nhân viên
CREATE PROCEDURE NHAP_NV(@MANV VARCHAR(10),@TENNV NVARCHAR(50),@NS DATE,@PHAI NVARCHAR(10),@DIACHI NVARCHAR(100),@SDT CHAR(10),@CHUCVU NVARCHAR(50),@LUONG DECIMAL(20,2),@MANQL VARCHAR(10))
AS
BEGIN
	IF(dbo.CHECK_NV(@SDT)=N'Nhân viên đã tồn tại')
	BEGIN
		PRINT N'Nhân viên '+@TENNV+N' đã tồn tại'
	END
	ELSE
	BEGIN TRY
		INSERT INTO NHANVIEN(MANV,TENNV,NS,PHAI,DIACHI,SDT,CHUCVU,LUONG,MANQL) VALUES (@MANV,@TENNV,@NS,@PHAI,@DIACHI,@SDT,@CHUCVU,@LUONG,@MANQL)
		PRINT N'Thêm nhân viên '+@TENNV+N' thành công'
	END TRY
	BEGIN CATCH
		PRINT N'Thêm nhân viên '+@TENNV+N' không thành công'
	END CATCH
END
GO
	-- Viết thủ tục xóa nhân viên bằng cách nhập vào mã Nhân viên
CREATE PROCEDURE XOA_NV(@MANV VARCHAR(10))
AS
BEGIN
	DECLARE @SDT CHAR(10),@TENNV NVARCHAR(50)
	SET @SDT=(SELECT SDT FROM NHANVIEN WHERE NHANVIEN.MANV=@MANV)
	SET @TENNV=(SELECT TENNV FROM NHANVIEN WHERE NHANVIEN.MANV=@MANV)
	IF(dbo.CHECK_NV(@SDT)=N'Nhân viên đã tồn tại')
	BEGIN TRY
		DELETE FROM NHANVIEN
		WHERE NHANVIEN.MANV=@MANV
		PRINT N'Xóa Nhân viên '+@TENNV+' thành công'
	END TRY
	BEGIN CATCH
		PRINT N'Xóa Nhân viên '+@TENNV+' không thành công'
	END CATCH
	ELSE
	BEGIN
		PRINT N'Nhân viên '+@TENNV+' không tồn tại'
	END
END
GO
	-- Cập nhật số điện thoại
CREATE PROCEDURE SUASDT_NV(@SDT CHAR(10),@SDTMOI CHAR(10))
AS
BEGIN
	DECLARE @TENNV NVARCHAR(50)
	SET @TENNV=(SELECT TENNV FROM NHANVIEN WHERE NHANVIEN.SDT=@SDT)
	IF(dbo.CHECK_NV(@SDT)=N'Nhân viên đã tồn tại')
	BEGIN TRY
		UPDATE NHANVIEN
		SET NHANVIEN.SDT=@SDTMOI
		WHERE NHANVIEN.SDT=@SDT
		PRINT N'Đổi số điện thoại của Nhân viên '+@TENNV+' thành công'
	END TRY
	BEGIN CATCH
		PRINT N'Đổi số điện thoại của Nhân viên '+@TENNV+' không thành công'
	END CATCH
	ELSE
	BEGIN
		PRINT N'Nhân viên '+@TENNV+' không tồn tại'
	END
END
GO
	-- Cập nhật lương
CREATE PROCEDURE SUALUONG_NV(@SDT CHAR(10),@LUONGMOI DECIMAL(20,2))
AS
BEGIN
	DECLARE @TENNV NVARCHAR(50)
	SET @TENNV=(SELECT TENNV FROM NHANVIEN WHERE NHANVIEN.SDT=@SDT)
	IF(dbo.CHECK_NV(@SDT)=N'Nhân viên đã tồn tại')
	BEGIN TRY
		UPDATE NHANVIEN
		SET NHANVIEN.LUONG=@LUONGMOI
		WHERE NHANVIEN.SDT=@SDT
		PRINT N'Đổi lương của Nhân viên '+@TENNV+' thành công'
	END TRY
	BEGIN CATCH
		PRINT N'Đổi lương của Nhân viên '+@TENNV+' không thành công'
	END CATCH
	ELSE
	BEGIN
		PRINT N'Nhân viên '+@TENNV+' không tồn tại'
	END
END
GO
	-- Cập nhật địa chỉ
CREATE PROCEDURE SUADC_NV(@SDT CHAR(10),@DIACHIMOI NVARCHAR(100))
AS
BEGIN
	DECLARE @TENNV NVARCHAR(50)
	SET @TENNV=(SELECT TENNV FROM NHANVIEN WHERE NHANVIEN.SDT=@SDT)
	IF(dbo.CHECK_NV(@SDT)=N'Nhân viên đã tồn tại')
	BEGIN TRY
		UPDATE NHANVIEN
		SET NHANVIEN.DIACHI=@DIACHIMOI
		WHERE NHANVIEN.SDT=@SDT
		PRINT N'Đổi địa chỉ của Nhân viên '+@TENNV+' thành công'
	END TRY
	BEGIN CATCH
		PRINT N'Đổi địa chỉ của Nhân viên '+@TENNV+' không thành công'
	END CATCH
	ELSE
	BEGIN
		PRINT N'Nhân viên '+@TENNV+' không tồn tại'
	END
END
GO
	-- Xe
	-- Thêm thủ tục nhập dữ liệu vào xe
CREATE PROCEDURE NHAP_XE(@MAXE VARCHAR(10),@TENXE NVARCHAR(50),@MALOAI VARCHAR(10),@MABH VARCHAR(10),@BAN NVARCHAR(50),@MAU NVARCHAR(50),@GIA DECIMAL(20,2),@SL INT)
AS
BEGIN
	IF(dbo.CHECK_XE(@TENXE)=N'Mẫu xe này tồn tại trong dữ liệu')
	BEGIN
		PRINT N'Mẫu xe này '+@TENXE+N' đã tồn tại'
	END
	ELSE
	BEGIN TRY
		INSERT INTO XE(MAXE,TENXE,MALOAI,MABH,BAN,MAU,GIA,SL) VALUES (@MAXE,@TENXE,@MALOAI,@MABH,@BAN,@MAU,@GIA,@SL)
		PRINT N'Thêm mẫu xe '+@TENXE+N' thành công'
	END TRY
	BEGIN CATCH
		PRINT N'Thêm mẫu xe '+@TENXE+N' không thành công'
	END CATCH
END
GO
	-- Cập nhật giá xe
CREATE PROCEDURE SUAGIA_XE(@MAXE VARCHAR(10),@GIAMOI DECIMAL(20,2))
AS
BEGIN
	DECLARE @TENXE NVARCHAR(50)
	SET @TENXE=(SELECT TENXE FROM XE WHERE XE.MAXE=@MAXE)
	IF(dbo.CHECK_XE(@TENXE)=N'Mẫu xe này tồn tại trong dữ liệu')
	BEGIN TRY
		UPDATE XE
		SET XE.GIA=@GIAMOI
		WHERE XE.MAXE=@MAXE
		PRINT N'Đổi giá của xe '+@TENXE+' thành công'
	END TRY
	BEGIN CATCH
		PRINT N'Đổi giá của xe '+@TENXE+' không thành công'
	END CATCH
	ELSE
	BEGIN
		PRINT N'Mẫu xe '+@TENXE+' không tồn tại'
	END
END
GO

	-- Phiếu nhập
	-- Thêm thủ tục nhập dữ liệu vào phiếu nhập
CREATE PROCEDURE NHAP_PN(@MANHAP VARCHAR(10),@NGNHAP DATE,@MANV VARCHAR(10),@MANSX VARCHAR(10),@MAXE VARCHAR(10),@SLNHAP INT,@DGNHAP DECIMAL(20,1),@THUENHAP FLOAT(10))
AS
BEGIN
	BEGIN TRY
		INSERT INTO PHIEUNHAP(MANHAP,NGNHAP,MANV,MANSX,MAXE,SLNHAP,DGNHAP,THUENHAP) VALUES (@MANHAP,@NGNHAP,@MANV,@MANSX,@MAXE,@SLNHAP,@DGNHAP,@THUENHAP)
		PRINT N'Thêm phiếu nhập thành công'
	END TRY
	BEGIN CATCH
		PRINT N'Thêm phiếu nhập không thành công'
	END CATCH
END
GO
	-- Phiếu xuất
	-- Thêm thủ tục nhập dữ liệu vào phiếu xuất
CREATE PROCEDURE NHAP_PX(@MAXUAT VARCHAR(10),@NGXUAT DATE,@MANV VARCHAR(10),@MAKH VARCHAR(10),@MAXE VARCHAR(10),@SLXUAT INT,@DGXUAT DECIMAL(20,1),@THUEXUAT FLOAT(10),@PTTT NVARCHAR(50),@MAGOI VARCHAR(10))
AS
BEGIN
	BEGIN TRY
		INSERT INTO PHIEUXUAT(MAXUAT,NGXUAT,MANV,MAKH,MAXE,SLXUAT,DGXUAT,THUEXUAT,PTTT,MAGOI) VALUES (@MAXUAT,@NGXUAT,@MANV,@MAKH,@MAXE,@SLXUAT,@DGXUAT,@THUEXUAT,@PTTT,@MAGOI)
		PRINT N'Thêm phiếu xuất thành công'
	END TRY
	BEGIN CATCH
		PRINT N'Thêm phiếu xuất không thành công'
	END CATCH
END
GO
-- Nhập dữ liệu cho các bảng
SET DATEFORMAT DMY;
GO
-- Bảng khách hàng
INSERT INTO KHACHHANG(MAKH,TENKH,PHAI,NS,DIACHI,SDT,EMAIL) VALUES('KH00001',N'Lê Trần Khánh Phú',N'Nữ','05/08/1985',N'15 Võ Văn Kiệt, Phường 16, Quận 8, Thành phố Hồ Chí Minh, Việt Nam','0988250703','khanhphuhv@gmail.com')
INSERT INTO KHACHHANG(MAKH,TENKH,PHAI,NS,DIACHI,SDT,EMAIL) VALUES('KH00002',N'Nguyễn Ngọc Tường Vy',N'Nữ','14/03/2003',N'451 Nguyễn Trãi, Phường 7, Quận 5, Thành phố Hồ Chí Minh, Việt Nam','0912344321','vynguyen.31211027688@st.ueh.edu.vn')
INSERT INTO KHACHHANG(MAKH,TENKH,PHAI,NS,DIACHI,SDT,EMAIL) VALUES('KH00003',N'Huỳnh Nguyễn Anh Cường',N'Nam','08/03/1995',N'2G Bùi Minh Trực, Phường 5, Quận 8, Thành phố Hồ Chí Minh, Việt Nam','0882341542','anhcuonghuynhnguyen@gmail.com')
INSERT INTO KHACHHANG(MAKH,TENKH,PHAI,NS,DIACHI,SDT,EMAIL) VALUES('KH00004',N'Huỳnh Trịnh Tiến Khoa',N'Nam','25/03/1970',N'549 Tạ Quang Bửu, Phường 4, Quận 8, Thành phố Hồ Chí Minh, Việt Nam','0123099821','httk@gmail.com')
INSERT INTO KHACHHANG(MAKH,TENKH,PHAI,NS,DIACHI,SDT,EMAIL) VALUES('KH00005',N'Trương Thanh Phong',N'Nam','07/03/1957',N'7 Thành Thái, Phường 14, Quận 10, Thành phố Hồ Chí Minh, Việt Nam','0187334748','phongthanh@gmail.com')
INSERT INTO KHACHHANG(MAKH,TENKH,PHAI,NS,DIACHI,SDT,EMAIL) VALUES('KH00006',N'Nguyễn Ngọc Phú Minh',N'Nữ','19/05/1973',N'643 Xô Viết Nghệ Tĩnh, Phường 26, Bình Thạnh, Thành phố Hồ Chí Minh, Việt Nam','0923479247','phuminhnguyenngoc@gmail.com')
INSERT INTO KHACHHANG(MAKH,TENKH,PHAI,NS,DIACHI,SDT,EMAIL) VALUES('KH00007',N'Lý Ngọc Khánh Huyền',N'Nữ','15/02/1980',N'289 Hồng Lạc, Phường 10, Tân Bình, Thành phố Hồ Chí Minh, Việt Nam','0923489742','yumichuot@gmail.com')
INSERT INTO KHACHHANG(MAKH,TENKH,PHAI,NS,DIACHI,SDT,EMAIL) VALUES('KH00008',N'Phạm Uyên Khuê',N'Nữ','23/06/1981',N'51/3 Hòa Bình, Tân Thới Hoà, Tân Phú, Thành phố Hồ Chí Minh, Việt Nam','0824761937','chukhixin@gmail.com')
INSERT INTO KHACHHANG(MAKH,TENKH,PHAI,NS,DIACHI,SDT,EMAIL) VALUES('KH00009',N'Nguyễn Nữ Ngọc Như',N'Nữ','15/08/2006',N'405 Trường Chinh, Phường 14, Tân Bình, Thành phố Hồ Chí Minh, Việt Nam','0471947749','nnnn@gmail.com')
INSERT INTO KHACHHANG(MAKH,TENKH,PHAI,NS,DIACHI,SDT,EMAIL) VALUES('KH00010',N'Nguyễn Đặng Thảo Chi',N'Nữ','06/09/1952',N'279 Nguyễn Tri Phương, Phường 5, Quận 10, Thành phố Hồ Chí Minh, Việt Nam','0982471983','chipeo@gmail.com')
INSERT INTO KHACHHANG(MAKH,TENKH,PHAI,NS,DIACHI,SDT,EMAIL) VALUES('KH00011',N'Trần Nguyễn Khánh Huyền',N'Nữ','11/11/1980',N'196 Trần Quang Khải, Tân Định, Quận 1, Thành phố Hồ Chí Minh, Việt Nam','0982472909','khanhuyen@gmail.com')
INSERT INTO KHACHHANG(MAKH,TENKH,PHAI,NS,DIACHI,SDT,EMAIL) VALUES('KH00012',N'Đặng Huy Hoàng',N'Nam','10/01/1989',N'Khu dân cư Bình Nguyên, Thống Nhất, Xã Bình Thắng, Dĩ An, Bình Dương, Việt Nam','0294792847','danghoang@gmail.com')
INSERT INTO KHACHHANG(MAKH,TENKH,PHAI,NS,DIACHI,SDT,EMAIL) VALUES('KH00013',N'Trần Thanh Bảo Ngọc',N'Nữ','09/03/1957',N'85/10 Phạm Văn Hai, Tân Bình, Thành phố Hồ Chí Minh, Việt Nam','0924789712','chulun9k@gmail.com')
INSERT INTO KHACHHANG(MAKH,TENKH,PHAI,NS,DIACHI,SDT,EMAIL) VALUES('KH00014',N'Trần Phương Nguyên',N'Nữ','10/01/1982',N'189C Cống Quỳnh, Phường Nguyễn Cư Trinh, Quận 1, Thành phố Hồ Chí Minh, Việt Nam','0923479284','nguyentrandeo@gmail.com')
INSERT INTO KHACHHANG(MAKH,TENKH,PHAI,NS,DIACHI,SDT,EMAIL) VALUES('KH00015',N'Nguyễn Thảo Phương',N'Nữ','11/02/1964',N'94/9 Võ Oanh, Phường 25, Bình Thạnh, Thành phố Hồ Chí Minh, Việt Nam','0934771837','phuongpanda@gmail.com')
INSERT INTO KHACHHANG(MAKH,TENKH,PHAI,NS,DIACHI,SDT,EMAIL) VALUES('KH00016',N'Văn Đắc Vinh',N'Nam','27/10/1972',N'QL1A, Hưng Mỹ, Cái Nước, Cà Mau, Việt Nam','0917374918','vandacvinhcm@gmail.com')

-- Bảng nhà sản xuất
INSERT INTO NSX(MANSX,TENNSX,DIACHI,SDT,EMAIL) VALUES('NSX001',N'Nhà máy Honda Vĩnh Phúc',N'Phúc Thắng, Phúc Yên, Vĩnh Phúc','0923747892','hondavinhphuc@gmail.com')
INSERT INTO NSX(MANSX,TENNSX,DIACHI,SDT,EMAIL) VALUES('NSX002',N'Nhà máy Honda Hà Nam',N'Đồng Văn, Duy Tiên, Hà Nam','0824729384','hondahanam@gmail.com')

-- Bảng bảo hành
INSERT INTO BAOHANH(MABH,GOIBH) VALUES('BH001',N'36 tháng')
INSERT INTO BAOHANH(MABH,GOIBH) VALUES('BH002',N'12 tháng')
INSERT INTO BAOHANH(MABH,GOIBH) VALUES('BH003',N'24 tháng')

-- Bảng loại xe
INSERT INTO LOAIXE(MALOAI,TENLOAI) VALUES('VS',N'Honda Vision')
INSERT INTO LOAIXE(MALOAI,TENLOAI) VALUES('AB',N'Honda Air Blade')
INSERT INTO LOAIXE(MALOAI,TENLOAI) VALUES('LD',N'Honda Lead')
INSERT INTO LOAIXE(MALOAI,TENLOAI) VALUES('SHM',N'Honda SH Mode')
INSERT INTO LOAIXE(MALOAI,TENLOAI) VALUES('SH',N'Honda SH')
INSERT INTO LOAIXE(MALOAI,TENLOAI) VALUES('WA',N'Honda Wave')
INSERT INTO LOAIXE(MALOAI,TENLOAI) VALUES('BL',N'Honda Blade')
INSERT INTO LOAIXE(MALOAI,TENLOAI) VALUES('FU',N'Honda Future')
INSERT INTO LOAIXE(MALOAI,TENLOAI) VALUES('SCC',N'Honda Super Cub C125')
INSERT INTO LOAIXE(MALOAI,TENLOAI) VALUES('WX',N'Winner X')
INSERT INTO LOAIXE(MALOAI,TENLOAI) VALUES('CBR',N'Honda CBR')
INSERT INTO LOAIXE(MALOAI,TENLOAI) VALUES('CB',N'Honda CB')
INSERT INTO LOAIXE(MALOAI,TENLOAI) VALUES('RB',N'Honda Rebel')
INSERT INTO LOAIXE(MALOAI,TENLOAI) VALUES('AT',N'Honda Africa Twin')

-- Bảng xe
INSERT INTO XE(MAXE,TENXE,MALOAI,MABH,BAN,MAU,GIA,SL) VALUES('VS001',N'Vision Cao cấp','VS','BH001',N'Cao cấp',N'Đỏ Nâu Đen','31899273','17')
INSERT INTO XE(MAXE,TENXE,MALOAI,MABH,BAN,MAU,GIA,SL) VALUES('VS002',N'Vision Cao cấp','VS','BH001',N'Cao cấp',N'Xanh Nâu Đen','31899273','14')
INSERT INTO XE(MAXE,TENXE,MALOAI,MABH,BAN,MAU,GIA,SL) VALUES('VS003',N'Vision Đặc biệt','VS','BH001',N'Đặc biệt',N'Xanh Đen','33273818','19')
INSERT INTO XE(MAXE,TENXE,MALOAI,MABH,BAN,MAU,GIA,SL) VALUES('VS004',N'Vision Tiêu chuẩn','VS','BH001',N'Tiêu chuẩn',N'Trắng Đen Bạc','30230182','15')
INSERT INTO XE(MAXE,TENXE,MALOAI,MABH,BAN,MAU,GIA,SL) VALUES('VS005',N'Vision Cá tính','VS','BH001',N'Cá tính',N'Đen Đỏ','34942909','13')
INSERT INTO XE(MAXE,TENXE,MALOAI,MABH,BAN,MAU,GIA,SL) VALUES('VS006',N'Vision Cá tính','VS','BH001',N'Cá tính',N'Xanh Đen Đỏ','34942909','11')
INSERT INTO XE(MAXE,TENXE,MALOAI,MABH,BAN,MAU,GIA,SL) VALUES('AB001',N'Air Blade 125 Đặc biệt','AB','BH001',N'Đặc biệt',N'Đen Vàng','42502909','13')
INSERT INTO XE(MAXE,TENXE,MALOAI,MABH,BAN,MAU,GIA,SL) VALUES('AB002',N'Air Blade 125 Tiêu chuẩn','AB','BH001',N'Tiêu chuẩn',N'Xanh Đen','41324727','13')
INSERT INTO XE(MAXE,TENXE,MALOAI,MABH,BAN,MAU,GIA,SL) VALUES('AB003',N'Air Blade 125 Tiêu chuẩn','AB','BH001',N'Tiêu chuẩn',N'Đỏ Đen','41324727','12')
INSERT INTO XE(MAXE,TENXE,MALOAI,MABH,BAN,MAU,GIA,SL) VALUES('AB004',N'Air Blade 160 Đặc biệt','AB','BH001',N'Đặc biệt',N'Xanh Xám Đen','57190000','18')
INSERT INTO XE(MAXE,TENXE,MALOAI,MABH,BAN,MAU,GIA,SL) VALUES('AB005',N'Air Blade 160 Tiêu chuẩn','AB','BH001',N'Tiêu chuẩn',N'Đỏ Xám','55990000','19')
INSERT INTO XE(MAXE,TENXE,MALOAI,MABH,BAN,MAU,GIA,SL) VALUES('AB006',N'Air Blade 160 Tiêu chuẩn','AB','BH001',N'Tiêu chuẩn',N'Đen Xám','55990000','20')
INSERT INTO XE(MAXE,TENXE,MALOAI,MABH,BAN,MAU,GIA,SL) VALUES('AB007',N'Air Blade 160 Tiêu chuẩn','AB','BH001',N'Tiêu chuẩn',N'Xanh Xám','55990000','14')
INSERT INTO XE(MAXE,TENXE,MALOAI,MABH,BAN,MAU,GIA,SL) VALUES('LD001',N'LEAD 125cc Cao cấp','LD','BH001',N'Cao cấp',N'Đỏ','41226545','12')
INSERT INTO XE(MAXE,TENXE,MALOAI,MABH,BAN,MAU,GIA,SL) VALUES('LD002',N'LEAD 125cc Cao cấp','LD','BH001',N'Cao cấp',N'Xanh','41226545','13')
INSERT INTO XE(MAXE,TENXE,MALOAI,MABH,BAN,MAU,GIA,SL) VALUES('LD003',N'LEAD 125cc Đặc biệt','LD','BH001',N'Đặc biệt',N'Đen','42306545','11')
INSERT INTO XE(MAXE,TENXE,MALOAI,MABH,BAN,MAU,GIA,SL) VALUES('LD004',N'LEAD 125cc Đặc biệt','LD','BH001',N'Đặc biệt',N'Bạc','42306545','10')
INSERT INTO XE(MAXE,TENXE,MALOAI,MABH,BAN,MAU,GIA,SL) VALUES('LD005',N'LEAD 125cc Tiêu chuẩn','LD','BH001',N'Tiêu chuẩn',N'Trắng','39066545','17')
INSERT INTO XE(MAXE,TENXE,MALOAI,MABH,BAN,MAU,GIA,SL) VALUES('SHM001',N'Sh mode 125cc Cao cấp','SHM','BH001',N'Cao cấp',N'Xanh Đen','61648363','16')
INSERT INTO XE(MAXE,TENXE,MALOAI,MABH,BAN,MAU,GIA,SL) VALUES('SHM002',N'Sh mode 125cc Cao cấp','SHM','BH001',N'Cao cấp',N'Đỏ Đen','61648363','17')
INSERT INTO XE(MAXE,TENXE,MALOAI,MABH,BAN,MAU,GIA,SL) VALUES('SHM003',N'Sh mode 125cc Đặc biệt','SHM','BH001',N'Đặc biệt',N'Đen','62826545','19')
INSERT INTO XE(MAXE,TENXE,MALOAI,MABH,BAN,MAU,GIA,SL) VALUES('SHM004',N'Sh mode 125cc Đặc biệt','SHM','BH001',N'Đặc biệt',N'Bạc Đen','62826545','13')
INSERT INTO XE(MAXE,TENXE,MALOAI,MABH,BAN,MAU,GIA,SL) VALUES('SHM005',N'Sh mode 125cc Thể thao','SHM','BH001',N'Thể thao',N'Xám Đen','63317455','18')
INSERT INTO XE(MAXE,TENXE,MALOAI,MABH,BAN,MAU,GIA,SL) VALUES('SHM006',N'Sh mode 125cc Tiêu chuẩn','SHM','BH001',N'Tiêu chuẩn',N'Xanh','56641091','12')
INSERT INTO XE(MAXE,TENXE,MALOAI,MABH,BAN,MAU,GIA,SL) VALUES('SHM007',N'Sh mode 125cc Tiêu chuẩn','SHM','BH001',N'Tiêu chuẩn',N'Đỏ','56641091','18')
INSERT INTO XE(MAXE,TENXE,MALOAI,MABH,BAN,MAU,GIA,SL) VALUES('SHM008',N'Sh mode 125cc Tiêu chuẩn','SHM','BH001',N'Tiêu chuẩn',N'Trắng','56641091','16')
INSERT INTO XE(MAXE,TENXE,MALOAI,MABH,BAN,MAU,GIA,SL) VALUES('SH001',N'SH125i Cao cấp ABS','SH','BH001',N'Cao cấp',N'Đỏ','79812000','12')
INSERT INTO XE(MAXE,TENXE,MALOAI,MABH,BAN,MAU,GIA,SL) VALUES('SH002',N'SH125i Cao cấp ABS','SH','BH001',N'Cao cấp',N'Trắng','79812000','12')
INSERT INTO XE(MAXE,TENXE,MALOAI,MABH,BAN,MAU,GIA,SL) VALUES('SH003',N'SH125i Cao cấp ABS','SH','BH001',N'Cao cấp',N'Đen','79812000','11')
INSERT INTO XE(MAXE,TENXE,MALOAI,MABH,BAN,MAU,GIA,SL) VALUES('SH004',N'SH125i Tiêu chuẩn CBS','SH','BH001',N'Tiêu chuẩn',N'Đỏ','71957455','14')
INSERT INTO XE(MAXE,TENXE,MALOAI,MABH,BAN,MAU,GIA,SL) VALUES('SH005',N'SH125i Tiêu chuẩn CBS','SH','BH001',N'Tiêu chuẩn',N'Trắng','71957455','11')
INSERT INTO XE(MAXE,TENXE,MALOAI,MABH,BAN,MAU,GIA,SL) VALUES('SH006',N'SH125i Tiêu chuẩn CBS','SH','BH001',N'Tiêu chuẩn',N'Đen','71957455','12')
INSERT INTO XE(MAXE,TENXE,MALOAI,MABH,BAN,MAU,GIA,SL) VALUES('SH007',N'SH150i Cao cấp ABS','SH','BH001',N'Cao cấp',N'Đỏ','98290000','12')
INSERT INTO XE(MAXE,TENXE,MALOAI,MABH,BAN,MAU,GIA,SL) VALUES('SH008',N'SH150i Cao cấp ABS','SH','BH001',N'Cao cấp',N'Trắng','98290000','20')
INSERT INTO XE(MAXE,TENXE,MALOAI,MABH,BAN,MAU,GIA,SL) VALUES('SH009',N'SH150i Cao cấp ABS','SH','BH001',N'Cao cấp',N'Đen','98290000','19')
INSERT INTO XE(MAXE,TENXE,MALOAI,MABH,BAN,MAU,GIA,SL) VALUES('SH010',N'SH150i Đặc biệt ABS','SH','BH001',N'Đặc biệt',N'Đen Bạc','99490000','15')
INSERT INTO XE(MAXE,TENXE,MALOAI,MABH,BAN,MAU,GIA,SL) VALUES('SH011',N'SH150i Thể thao ABS','SH','BH001',N'Thể thao',N'Xám Đen','99990000','12')
INSERT INTO XE(MAXE,TENXE,MALOAI,MABH,BAN,MAU,GIA,SL) VALUES('SH012',N'SH150i Tiêu chuẩn CBS','SH','BH001',N'Tiêu chuẩn',N'Đỏ','90290000','16')
INSERT INTO XE(MAXE,TENXE,MALOAI,MABH,BAN,MAU,GIA,SL) VALUES('SH013',N'SH150i Tiêu chuẩn CBS','SH','BH001',N'Tiêu chuẩn',N'Trắng','90290000','12')
INSERT INTO XE(MAXE,TENXE,MALOAI,MABH,BAN,MAU,GIA,SL) VALUES('SH014',N'SH150i Tiêu chuẩn CBS','SH','BH001',N'Tiêu chuẩn',N'Đen','90290000','18')
INSERT INTO XE(MAXE,TENXE,MALOAI,MABH,BAN,MAU,GIA,SL) VALUES('SH015',N'SH350i Cao cấp ABS','SH','BH001',N'Cao cấp',N'Đỏ','148990000','14')
INSERT INTO XE(MAXE,TENXE,MALOAI,MABH,BAN,MAU,GIA,SL) VALUES('SH016',N'SH350i Cao cấp ABS','SH','BH001',N'Cao cấp',N'Trắng','148990000','14')
INSERT INTO XE(MAXE,TENXE,MALOAI,MABH,BAN,MAU,GIA,SL) VALUES('SH017',N'SH350i Đặc biệt ABS','SH','BH001',N'Đặc biệt',N'Bạc Đen','149990000','18')
INSERT INTO XE(MAXE,TENXE,MALOAI,MABH,BAN,MAU,GIA,SL) VALUES('SH018',N'SH350i Thể thao ABS','SH','BH001',N'Đặc biệt',N'Đen','149990000','13')
INSERT INTO XE(MAXE,TENXE,MALOAI,MABH,BAN,MAU,GIA,SL) VALUES('SH019',N'SH350i Thể thao ABS','SH','BH001',N'Thể thao',N'Xám Đen','150490000','10')
INSERT INTO XE(MAXE,TENXE,MALOAI,MABH,BAN,MAU,GIA,SL) VALUES('WA001',N'Wave Alpha 110cc Đặc biệt','WA','BH001',N'Đặc biệt',N'Đen Mờ','18448364','17')
INSERT INTO XE(MAXE,TENXE,MALOAI,MABH,BAN,MAU,GIA,SL) VALUES('WA002',N'Wave Alpha 110cc Tiêu chuẩn','WA','BH001',N'Tiêu chuẩn',N'Đỏ Bạc','17859273','15')
INSERT INTO XE(MAXE,TENXE,MALOAI,MABH,BAN,MAU,GIA,SL) VALUES('WA003',N'Wave Alpha 110cc Tiêu chuẩn','WA','BH001',N'Tiêu chuẩn',N'Trắng Bạc','17859273','14')
INSERT INTO XE(MAXE,TENXE,MALOAI,MABH,BAN,MAU,GIA,SL) VALUES('WA004',N'Wave Alpha 110cc Tiêu chuẩn','WA','BH001',N'Tiêu chuẩn',N'Xanh Bạc','17859273','13')
INSERT INTO XE(MAXE,TENXE,MALOAI,MABH,BAN,MAU,GIA,SL) VALUES('WA005',N'Wave RSX FI 110 Vành đúc phanh đĩa','WA','BH001',N'Vành đúc phanh đĩa',N'Trắng Đen','24633818','18')
INSERT INTO XE(MAXE,TENXE,MALOAI,MABH,BAN,MAU,GIA,SL) VALUES('WA006',N'Wave RSX FI 110 Vành đúc phanh đĩa','WA','BH001',N'Vành đúc phanh đĩa',N'Đỏ Đen','24633818','11')
INSERT INTO XE(MAXE,TENXE,MALOAI,MABH,BAN,MAU,GIA,SL) VALUES('WA007',N'Wave RSX FI 110 Vành đúc phanh đĩa','WA','BH001',N'Vành đúc phanh đĩa',N'Xanh Đen','24633818','14')
INSERT INTO XE(MAXE,TENXE,MALOAI,MABH,BAN,MAU,GIA,SL) VALUES('WA008',N'Wave RSX FI 110 Vành nan hoa phanh cơ','WA','BH001',N'Vành nan hoa phanh cơ',N'Đỏ Đen','21688363','11')
INSERT INTO XE(MAXE,TENXE,MALOAI,MABH,BAN,MAU,GIA,SL) VALUES('WA009',N'Wave RSX FI 110 Vành nan hoa phanh cơ','WA','BH001',N'Vành nan hoa phanh cơ',N'Xám Đen','21688363','13')
INSERT INTO XE(MAXE,TENXE,MALOAI,MABH,BAN,MAU,GIA,SL) VALUES('WA010',N'Wave RSX FI 110 Vành nan hoa phanh đĩa','WA','BH001',N'Vành nan hoa phanh đĩa',N'Xám Đen','22670182','15')
INSERT INTO XE(MAXE,TENXE,MALOAI,MABH,BAN,MAU,GIA,SL) VALUES('BL001',N'Blade 110 Vành đúc phanh đĩa','BL','BH001',N'Vành đúc phanh đĩa',N'Đen Xanh Xám','21295637','20')
INSERT INTO XE(MAXE,TENXE,MALOAI,MABH,BAN,MAU,GIA,SL) VALUES('BL002',N'Blade 110 Vành đúc phanh đĩa','BL','BH001',N'Vành đúc phanh đĩa',N'Đen Đỏ Xám','21295637','14')
INSERT INTO XE(MAXE,TENXE,MALOAI,MABH,BAN,MAU,GIA,SL) VALUES('BL003',N'Blade 110 Vành đúc phanh đĩa','BL','BH001',N'Vành đúc phanh đĩa',N'Đen Xám','21295637','15')
INSERT INTO XE(MAXE,TENXE,MALOAI,MABH,BAN,MAU,GIA,SL) VALUES('BL004',N'Blade 110 Vành nan hoa phanh cơ','BL','BH001',N'Vành nan hoa phanh cơ',N'Đen','18841091','12')
INSERT INTO XE(MAXE,TENXE,MALOAI,MABH,BAN,MAU,GIA,SL) VALUES('BL005',N'Blade 110 Vành nan hoa phanh cơ','BL','BH001',N'Vành nan hoa phanh cơ',N'Đỏ Đen','18841091','13')
INSERT INTO XE(MAXE,TENXE,MALOAI,MABH,BAN,MAU,GIA,SL) VALUES('BL006',N'Blade 110 Vành nan hoa phanh đĩa','BL','BH001',N'Vành nan hoa phanh đĩa',N'Đen','19822909','17')
INSERT INTO XE(MAXE,TENXE,MALOAI,MABH,BAN,MAU,GIA,SL) VALUES('FU001',N'Future 125 FI Vành đúc phanh đĩa','FU','BH001',N'Vành đúc phanh đĩa',N'Trắng Đen','31506545','16')
INSERT INTO XE(MAXE,TENXE,MALOAI,MABH,BAN,MAU,GIA,SL) VALUES('FU002',N'Future 125 FI Vành đúc phanh đĩa','FU','BH001',N'Vành đúc phanh đĩa',N'Xanh Đen','31506545','16')
INSERT INTO XE(MAXE,TENXE,MALOAI,MABH,BAN,MAU,GIA,SL) VALUES('FU003',N'Future 125 FI Vành đúc phanh đĩa','FU','BH001',N'Vành đúc phanh đĩa',N'Đỏ Đen','31506545','18')
INSERT INTO XE(MAXE,TENXE,MALOAI,MABH,BAN,MAU,GIA,SL) VALUES('FU004',N'Future 125 FI Vành nan hoa phanh cơ','FU','BH001',N'Vành nan hoa phanh cơ',N'Đen','31997455','14')
INSERT INTO XE(MAXE,TENXE,MALOAI,MABH,BAN,MAU,GIA,SL) VALUES('FU005',N'Future 125 FI Vành nan hoa phanh cơ','FU','BH001',N'Vành nan hoa phanh cơ',N'Xanh Đen','31997455','15')
INSERT INTO XE(MAXE,TENXE,MALOAI,MABH,BAN,MAU,GIA,SL) VALUES('FU006',N'Future 125 FI Vành nan hoa phanh đĩa','FU','BH001',N'Vành nan hoa phanh đĩa',N'Đỏ Đen','30328363','20')
INSERT INTO XE(MAXE,TENXE,MALOAI,MABH,BAN,MAU,GIA,SL) VALUES('FU007',N'Future 125 FI Vành nan hoa phanh đĩa','FU','BH001',N'Vành nan hoa phanh đĩa',N'Xanh Đen','30328363','16')
INSERT INTO XE(MAXE,TENXE,MALOAI,MABH,BAN,MAU,GIA,SL) VALUES('SCC001',N'Super Cub C125 Đặc biệt','SCC','BH001',N'Đặc biệt',N'Đen','86782909','11')
INSERT INTO XE(MAXE,TENXE,MALOAI,MABH,BAN,MAU,GIA,SL) VALUES('SCC002',N'Super Cub C125 Tiêu chuẩn','SCC','BH001',N'Tiêu chuẩn',N'Xanh Trắng Nhạt','85801091','10')
INSERT INTO XE(MAXE,TENXE,MALOAI,MABH,BAN,MAU,GIA,SL) VALUES('SCC003',N'Super Cub C125 Tiêu chuẩn','SCC','BH001',N'Tiêu chuẩn',N'Xanh Trắng','85801091','17')
INSERT INTO XE(MAXE,TENXE,MALOAI,MABH,BAN,MAU,GIA,SL) VALUES('SCC004',N'Super Cub C125 Tiêu chuẩn','SCC','BH001',N'Tiêu chuẩn',N'Đỏ Trắng','85801091','11')
INSERT INTO XE(MAXE,TENXE,MALOAI,MABH,BAN,MAU,GIA,SL) VALUES('WX001',N'Winner X Đặc biệt','WX','BH001',N'Đặc biệt',N'Đen Vàng','50060000','10')
INSERT INTO XE(MAXE,TENXE,MALOAI,MABH,BAN,MAU,GIA,SL) VALUES('WX002',N'Winner X Đặc biệt','WX','BH001',N'Đặc biệt',N'Bạc Đen Xanh','50060000','20')
INSERT INTO XE(MAXE,TENXE,MALOAI,MABH,BAN,MAU,GIA,SL) VALUES('WX003',N'Winner X Đặc biệt','WX','BH001',N'Đặc biệt',N'Đỏ Đen Xanh','50060000','19')
INSERT INTO XE(MAXE,TENXE,MALOAI,MABH,BAN,MAU,GIA,SL) VALUES('WX004',N'Winner X Thể thao','WX','BH001',N'Thể thao',N'Đỏ Đen','50560000','16')
INSERT INTO XE(MAXE,TENXE,MALOAI,MABH,BAN,MAU,GIA,SL) VALUES('WX005',N'Winner X Tiêu chuẩn','WX','BH001',N'Tiêu chuẩn',N'Bạc Đen','46160000','15')
INSERT INTO XE(MAXE,TENXE,MALOAI,MABH,BAN,MAU,GIA,SL) VALUES('WX006',N'Winner X Tiêu chuẩn','WX','BH001',N'Tiêu chuẩn',N'Đen','46160000','20')
INSERT INTO XE(MAXE,TENXE,MALOAI,MABH,BAN,MAU,GIA,SL) VALUES('WX007',N'Winner X Tiêu chuẩn','WX','BH001',N'Tiêu chuẩn',N'Trắng Đen','46160000','12')
INSERT INTO XE(MAXE,TENXE,MALOAI,MABH,BAN,MAU,GIA,SL) VALUES('WX008',N'Winner X Tiêu chuẩn','WX','BH001',N'Tiêu chuẩn',N'Đỏ Đen','46160000','11')
INSERT INTO XE(MAXE,TENXE,MALOAI,MABH,BAN,MAU,GIA,SL) VALUES('CBR001',N'CBR150R Đặc biệt','CBR','BH001',N'Đặc biệt',N'Đen Xám','72290000','13')
INSERT INTO XE(MAXE,TENXE,MALOAI,MABH,BAN,MAU,GIA,SL) VALUES('CBR002',N'CBR150R Thể thao','CBR','BH001',N'Thể thao',N'Đỏ','72790000','17')
INSERT INTO XE(MAXE,TENXE,MALOAI,MABH,BAN,MAU,GIA,SL) VALUES('CBR003',N'CBR150R Tiêu chuẩn','CBR','BH001',N'Tiêu chuẩn',N'Đen Đỏ','71290000','18')
INSERT INTO XE(MAXE,TENXE,MALOAI,MABH,BAN,MAU,GIA,SL) VALUES('CBR004',N'CBR500R 2022 Tiêu chuẩn','CBR','BH002',N'Tiêu chuẩn',N'Đỏ Đen','192490000','12')
INSERT INTO XE(MAXE,TENXE,MALOAI,MABH,BAN,MAU,GIA,SL) VALUES('CBR005',N'CBR500R 2022 Tiêu chuẩn','CBR','BH002',N'Tiêu chuẩn',N'Đen','192490000','16')
INSERT INTO XE(MAXE,TENXE,MALOAI,MABH,BAN,MAU,GIA,SL) VALUES('CBR006',N'CBR650R 2021 Tiêu chuẩn','CBR','BH002',N'Tiêu chuẩn',N'Đen','254490000','15')
INSERT INTO XE(MAXE,TENXE,MALOAI,MABH,BAN,MAU,GIA,SL) VALUES('CBR007',N'CBR650R 2021 Tiêu chuẩn','CBR','BH002',N'Tiêu chuẩn',N'Đỏ','254490000','10')
INSERT INTO XE(MAXE,TENXE,MALOAI,MABH,BAN,MAU,GIA,SL) VALUES('CBR008',N'CBR1000RR-R Fireblade Tiêu chuẩn','CBR','BH002',N'Tiêu chuẩn',N'Đỏ Xanh Trắng','950000000','10')
INSERT INTO XE(MAXE,TENXE,MALOAI,MABH,BAN,MAU,GIA,SL) VALUES('CBR009',N'CBR1000RR-R Fireblade Tiêu chuẩn','CBR','BH002',N'Tiêu chuẩn',N'Đen','950000000','10')
INSERT INTO XE(MAXE,TENXE,MALOAI,MABH,BAN,MAU,GIA,SL) VALUES('CBR010',N'CBR1000RR-R Fireblade SP','CBR','BH002',N'Đặc biệt',N'Đỏ Xanh Trắng','1050000000','12')
INSERT INTO XE(MAXE,TENXE,MALOAI,MABH,BAN,MAU,GIA,SL) VALUES('CB001',N'CB150R The Streetster Tiêu chuẩn','CB  ','BH001',N'Tiêu chuẩn',N'Đen','105500000','18')
INSERT INTO XE(MAXE,TENXE,MALOAI,MABH,BAN,MAU,GIA,SL) VALUES('CB002',N'CB500F 2022 Tiêu chuẩn','CB  ','BH002',N'Tiêu chuẩn',N'Đỏ Đen','184490000','15')
INSERT INTO XE(MAXE,TENXE,MALOAI,MABH,BAN,MAU,GIA,SL) VALUES('CB003',N'CB500F 2022 Tiêu chuẩn','CB  ','BH002',N'Tiêu chuẩn',N'Đen','184490000','11')
INSERT INTO XE(MAXE,TENXE,MALOAI,MABH,BAN,MAU,GIA,SL) VALUES('CB004',N'CB500X 2022 Tiêu chuẩn','CB  ','BH002',N'Tiêu chuẩn',N'Đỏ Đen','193790000','14')
INSERT INTO XE(MAXE,TENXE,MALOAI,MABH,BAN,MAU,GIA,SL) VALUES('CB005',N'CB500X 2022 Tiêu chuẩn','CB  ','BH002',N'Tiêu chuẩn',N'Xanh Đen','193790000','16')
INSERT INTO XE(MAXE,TENXE,MALOAI,MABH,BAN,MAU,GIA,SL) VALUES('CB006',N'CB500X 2022 Tiêu chuẩn','CB  ','BH002',N'Tiêu chuẩn',N'Đen','193790000','19')
INSERT INTO XE(MAXE,TENXE,MALOAI,MABH,BAN,MAU,GIA,SL) VALUES('CB007',N'CB650R 2021 Tiêu chuẩn','CB  ','BH002',N'Tiêu chuẩn',N'Đen Bạc','246490000','20')
INSERT INTO XE(MAXE,TENXE,MALOAI,MABH,BAN,MAU,GIA,SL) VALUES('CB008',N'CB650R 2021 Tiêu chuẩn','CB  ','BH002',N'Tiêu chuẩn',N'Xanh Đen Bạc','246490000','12')
INSERT INTO XE(MAXE,TENXE,MALOAI,MABH,BAN,MAU,GIA,SL) VALUES('CB009',N'CB650R 2021 Tiêu chuẩn','CB  ','BH002',N'Tiêu chuẩn',N'Đỏ Đen Bạc','246490000','19')
INSERT INTO XE(MAXE,TENXE,MALOAI,MABH,BAN,MAU,GIA,SL) VALUES('CB010',N'CB650R 2021 Tiêu chuẩn','CB  ','BH002',N'Tiêu chuẩn',N'Xám Đen Bạc','246490000','16')
INSERT INTO XE(MAXE,TENXE,MALOAI,MABH,BAN,MAU,GIA,SL) VALUES('CB011',N'CB1000R 2021 Tiêu chuẩn','CB  ','BH002',N'Tiêu chuẩn',N'Bạc','510000000','16')
INSERT INTO XE(MAXE,TENXE,MALOAI,MABH,BAN,MAU,GIA,SL) VALUES('CB012',N'CB1000R 2021 Tiêu chuẩn','CB  ','BH002',N'Tiêu chuẩn',N'Đen','510000000','16')
INSERT INTO XE(MAXE,TENXE,MALOAI,MABH,BAN,MAU,GIA,SL) VALUES('CB013',N'CB1000R 2021 Tiêu chuẩn','CB  ','BH002',N'Tiêu chuẩn',N'Đỏ','510000000','19')
INSERT INTO XE(MAXE,TENXE,MALOAI,MABH,BAN,MAU,GIA,SL) VALUES('RB001',N'Rebel 500 2022 Tiêu chuẩn','RB','BH002',N'Tiêu chuẩn',N'Đỏ Đen','1800000000800000','13')
INSERT INTO XE(MAXE,TENXE,MALOAI,MABH,BAN,MAU,GIA,SL) VALUES('RB002',N'Rebel 500 2022 Tiêu chuẩn','RB','BH002',N'Tiêu chuẩn',N'Xám Đen','1800000000800000','16')
INSERT INTO XE(MAXE,TENXE,MALOAI,MABH,BAN,MAU,GIA,SL) VALUES('RB003',N'Rebel 500 2022 Tiêu chuẩn','RB','BH002',N'Tiêu chuẩn',N'Đen','1800000000800000','17')
INSERT INTO XE(MAXE,TENXE,MALOAI,MABH,BAN,MAU,GIA,SL) VALUES('RB004',N'Rebel 1100 phiên bản 2022 Tiêu chuẩn','RB','BH002',N'Tiêu chuẩn',N'Đen','449000000','10')
INSERT INTO XE(MAXE,TENXE,MALOAI,MABH,BAN,MAU,GIA,SL) VALUES('RB005',N'Rebel 1100 phiên bản 2022 Tiêu chuẩn','RB','BH002',N'Tiêu chuẩn',N'Nâu','449000000','17')
INSERT INTO XE(MAXE,TENXE,MALOAI,MABH,BAN,MAU,GIA,SL) VALUES('RB006',N'Rebel 1100 phiên bản 2022 DCT','RB','BH002',N'Đặc biệt',N'Đen','499000000','12')
INSERT INTO XE(MAXE,TENXE,MALOAI,MABH,BAN,MAU,GIA,SL) VALUES('RB007',N'Rebel 1100 phiên bản 2022 DCT','RB','BH002',N'Đặc biệt',N'Nâu','499000000','15')
INSERT INTO XE(MAXE,TENXE,MALOAI,MABH,BAN,MAU,GIA,SL) VALUES('AT001',N'Africa Twin 2021 Tiêu chuẩn','AT','BH002',N'Tiêu chuẩn',N'Đỏ Đen','590490000','11')
INSERT INTO XE(MAXE,TENXE,MALOAI,MABH,BAN,MAU,GIA,SL) VALUES('AT002',N'Africa Twin 2021 Tiêu chuẩn','AT','BH002',N'Tiêu chuẩn',N'Đen','590490000','14')
INSERT INTO XE(MAXE,TENXE,MALOAI,MABH,BAN,MAU,GIA,SL) VALUES('AT003',N'Africa Twin Adventure Sport 2021','AT','BH002',N'Thể thao',N'Trắng Xanh Bạc','690490000','13')

-- BẢNG NHÂN VIÊN
INSERT INTO NHANVIEN(MANV,TENNV,NS,PHAI,DIACHI,SDT,CHUCVU,LUONG) VALUES('NV001',N'Lê Ngọc Minh','25/12/1991',N'Nam',N'451/25 Nguyễn Trãi, phường 7 quận 5, Thành phố Hồ Chí Minh','0923474302',N'Quản lý cửa hàng','15000000')
INSERT INTO NHANVIEN(MANV,TENNV,NS,PHAI,DIACHI,SDT,CHUCVU,LUONG,MANQL) VALUES('NV002',N'Phạm Văn Đức','29/01/1993',N'Nam',N'147/13 Sư Vạn Hạnh Tổ, Tô Hiến Thành Tổ 68, Phường 12, Quận 10, Thành phố Hồ Chí Minh, Việt Nam','0763810810',N'Quản lý kho','12000000','NV001')
INSERT INTO NHANVIEN(MANV,TENNV,NS,PHAI,DIACHI,SDT,CHUCVU,LUONG,MANQL) VALUES('NV003',N'Nguyễn Thị Anh Thư','03/07/1998',N'Nữ',N'16A Lê Hồng Phong, Phường 12, Quận 10, Thành phố Hồ Chí Minh, Việt Nam','0983865101',N'Quản lý bán hàng','10000000','NV001')
INSERT INTO NHANVIEN(MANV,TENNV,NS,PHAI,DIACHI,SDT,CHUCVU,LUONG,MANQL) VALUES('NV004',N'Nguyễn Thị Hà','03/12/1995',N'Nữ',N'120 Đ. Thành Thái, Phường 12, Quận 10, Thành phố Hồ Chí Minh, Việt Nam','0984749190',N'Nhân viên sale','8500000','NV002')
INSERT INTO NHANVIEN(MANV,TENNV,NS,PHAI,DIACHI,SDT,CHUCVU,LUONG,MANQL) VALUES('NV005',N'Ngô Hoài Anh','15/01/2000',N'Nam',N'505 Sư Vạn Hạnh, Phường 12, Quận 10, Thành phố Hồ Chí Minh, Việt Nam','0783976976',N'Nhân viên sale','8000000','NV002')
INSERT INTO NHANVIEN(MANV,TENNV,NS,PHAI,DIACHI,SDT,CHUCVU,LUONG,MANQL) VALUES('NV006',N'Hồ Đức Trung','02/02/1999',N'Nam',N'160 Pasteur, Bến Nghé, Quận 1, Thành phố Hồ Chí Minh, Việt Nam','0987234234',N'Nhân viên kho','8000000','NV001')
INSERT INTO NHANVIEN(MANV,TENNV,NS,PHAI,DIACHI,SDT,CHUCVU,LUONG,MANQL) VALUES('NV007',N'Nguyễn Thị Như Ngọc','21/03/1996',N'Nữ',N'59 Hồ Xuân Hương, Phường 6, Quận 3, Thành phố Hồ Chí Minh, Việt Nam','0988267268',N'Nhân viên sale','9000000','NV002')
INSERT INTO NHANVIEN(MANV,TENNV,NS,PHAI,DIACHI,SDT,CHUCVU,LUONG,MANQL) VALUES('NV008',N'Trần Ngọc Linh','23/11/1995',N'Nữ',N'20 Trần Cao Vân, Đa Kao, Quận 1, Thành phố Hồ Chí Minh, Việt Nam','0966200197',N'Nhân viên sale','8900000','NV002')
INSERT INTO NHANVIEN(MANV,TENNV,NS,PHAI,DIACHI,SDT,CHUCVU,LUONG,MANQL) VALUES('NV009',N'Ngô Văn Tâm','22/09/1995',N'Nam',N'124 Bàu Cát 1, Phường 12, Tân Bình, Thành phố Hồ Chí Minh, Việt Nam','0666200198',N'Nhân viên kho','9500000','NV001')
INSERT INTO NHANVIEN(MANV,TENNV,NS,PHAI,DIACHI,SDT,CHUCVU,LUONG,MANQL) VALUES('NV010',N'Phạm Hồng Nhung','14/06/2000',N'Nữ',N'302A Tô Hiến Thành, Phường 15, Quận 10, Thành phố Hồ Chí Minh, Việt Nam','0703987987',N'Nhân viên sale','7900000','NV002')
INSERT INTO NHANVIEN(MANV,TENNV,NS,PHAI,DIACHI,SDT,CHUCVU,LUONG,MANQL) VALUES('NV011',N'Nguyễn Thị Thùy Trang','05/08/1992',N'Nữ',N'302A Tô Hiến Thành, Phường 15, Quận 10, Thành phố Hồ Chí Minh, Việt Nam','0969090333',N'Nhân viên kho','9000000','NV001')

-- Bảng trả góp
INSERT INTO TRAGOP(MAGOI,TRATRUOC,LAISUAT,THOIGIAN) VALUES('TGX50','0.5','0.0160','24')
INSERT INTO TRAGOP(MAGOI,TRATRUOC,LAISUAT,THOIGIAN) VALUES('TGX40','0.4','0.0139','18')
INSERT INTO TRAGOP(MAGOI,TRATRUOC,LAISUAT,THOIGIAN) VALUES('TGX30','0.3','0.0239','18')

-- Bảng phiếu nhập
INSERT INTO PHIEUNHAP(MANHAP,NGNHAP,MANV,MANSX,MAXE,SLNHAP,DGNHAP,THUENHAP) VALUES('PN00001','02/01/2020','NV009','NSX002','VS003','3','34718000','0.08')
INSERT INTO PHIEUNHAP(MANHAP,NGNHAP,MANV,MANSX,MAXE,SLNHAP,DGNHAP,THUENHAP) VALUES('PN00002','08/01/2020','NV006','NSX001','VS003','7','34718000','0.1')
INSERT INTO PHIEUNHAP(MANHAP,NGNHAP,MANV,MANSX,MAXE,SLNHAP,DGNHAP,THUENHAP) VALUES('PN00003','08/02/2020','NV011','NSX001','VS002','7','34718000','0.1')
INSERT INTO PHIEUNHAP(MANHAP,NGNHAP,MANV,MANSX,MAXE,SLNHAP,DGNHAP,THUENHAP) VALUES('PN00004','11/05/2020','NV009','NSX002','VS005','6','33431000','0.1')
INSERT INTO PHIEUNHAP(MANHAP,NGNHAP,MANV,MANSX,MAXE,SLNHAP,DGNHAP,THUENHAP) VALUES('PN00005','27/05/2020','NV006','NSX001','SH008','3','96354000','0.08')
INSERT INTO PHIEUNHAP(MANHAP,NGNHAP,MANV,MANSX,MAXE,SLNHAP,DGNHAP,THUENHAP) VALUES('PN00006','17/06/2020','NV009','NSX002','BL001','1','24507000','0.1')
INSERT INTO PHIEUNHAP(MANHAP,NGNHAP,MANV,MANSX,MAXE,SLNHAP,DGNHAP,THUENHAP) VALUES('PN00007','20/06/2020','NV009','NSX001','WA002','9','22287000','0.08')
INSERT INTO PHIEUNHAP(MANHAP,NGNHAP,MANV,MANSX,MAXE,SLNHAP,DGNHAP,THUENHAP) VALUES('PN00008','27/06/2020','NV011','NSX001','VS006','1','37369000','0.08')
INSERT INTO PHIEUNHAP(MANHAP,NGNHAP,MANV,MANSX,MAXE,SLNHAP,DGNHAP,THUENHAP) VALUES('PN00009','26/08/2020','NV006','NSX001','SH009','4','96550000','0.08')
INSERT INTO PHIEUNHAP(MANHAP,NGNHAP,MANV,MANSX,MAXE,SLNHAP,DGNHAP,THUENHAP) VALUES('PN00010','08/09/2020','NV009','NSX002','VS002','6','35074000','0.1')
INSERT INTO PHIEUNHAP(MANHAP,NGNHAP,MANV,MANSX,MAXE,SLNHAP,DGNHAP,THUENHAP) VALUES('PN00011','08/09/2020','NV011','NSX001','AB002','5','45671000','0.1')
INSERT INTO PHIEUNHAP(MANHAP,NGNHAP,MANV,MANSX,MAXE,SLNHAP,DGNHAP,THUENHAP) VALUES('PN00012','08/09/2020','NV011','NSX002','AB002','3','45579000','0.08')
INSERT INTO PHIEUNHAP(MANHAP,NGNHAP,MANV,MANSX,MAXE,SLNHAP,DGNHAP,THUENHAP) VALUES('PN00013','06/10/2020','NV006','NSX002','VS006','9','34616000','0.08')
INSERT INTO PHIEUNHAP(MANHAP,NGNHAP,MANV,MANSX,MAXE,SLNHAP,DGNHAP,THUENHAP) VALUES('PN00014','08/10/2020','NV009','NSX002','VS006','8','34616000','0.1')
INSERT INTO PHIEUNHAP(MANHAP,NGNHAP,MANV,MANSX,MAXE,SLNHAP,DGNHAP,THUENHAP) VALUES('PN00015','15/10/2020','NV009','NSX001','SH007','1','102961000','0.1')
INSERT INTO PHIEUNHAP(MANHAP,NGNHAP,MANV,MANSX,MAXE,SLNHAP,DGNHAP,THUENHAP) VALUES('PN00016','16/10/2020','NV009','NSX001','SHM002','3','65254000','0.08')
INSERT INTO PHIEUNHAP(MANHAP,NGNHAP,MANV,MANSX,MAXE,SLNHAP,DGNHAP,THUENHAP) VALUES('PN00017','26/10/2020','NV006','NSX001','AB004','5','54438000','0.1')
INSERT INTO PHIEUNHAP(MANHAP,NGNHAP,MANV,MANSX,MAXE,SLNHAP,DGNHAP,THUENHAP) VALUES('PN00018','31/10/2020','NV009','NSX001','AB002','8','43782000','0.08')
INSERT INTO PHIEUNHAP(MANHAP,NGNHAP,MANV,MANSX,MAXE,SLNHAP,DGNHAP,THUENHAP) VALUES('PN00019','28/12/2020','NV009','NSX002','SH014','1','90545000','0.1')
INSERT INTO PHIEUNHAP(MANHAP,NGNHAP,MANV,MANSX,MAXE,SLNHAP,DGNHAP,THUENHAP) VALUES('PN00020','31/12/2020','NV011','NSX001','SH016','3','149263000','0.1')
INSERT INTO PHIEUNHAP(MANHAP,NGNHAP,MANV,MANSX,MAXE,SLNHAP,DGNHAP,THUENHAP) VALUES('PN00021','01/01/2021','NV009','NSX001','SH015','4','152995000','0.08')
INSERT INTO PHIEUNHAP(MANHAP,NGNHAP,MANV,MANSX,MAXE,SLNHAP,DGNHAP,THUENHAP) VALUES('PN00022','03/03/2021','NV011','NSX001','AT003','2','690706000','0.08')
INSERT INTO PHIEUNHAP(MANHAP,NGNHAP,MANV,MANSX,MAXE,SLNHAP,DGNHAP,THUENHAP) VALUES('PN00023','05/03/2021','NV009','NSX002','SH001','5','76604000','0.1')
INSERT INTO PHIEUNHAP(MANHAP,NGNHAP,MANV,MANSX,MAXE,SLNHAP,DGNHAP,THUENHAP) VALUES('PN00024','10/03/2021','NV006','NSX001','RB004','2','445816000','0.1')
INSERT INTO PHIEUNHAP(MANHAP,NGNHAP,MANV,MANSX,MAXE,SLNHAP,DGNHAP,THUENHAP) VALUES('PN00025','13/03/2021','NV009','NSX001','CB004','1','189945000','0.08')
INSERT INTO PHIEUNHAP(MANHAP,NGNHAP,MANV,MANSX,MAXE,SLNHAP,DGNHAP,THUENHAP) VALUES('PN00026','04/04/2021','NV011','NSX001','CB003','5','183315000','0.08')
INSERT INTO PHIEUNHAP(MANHAP,NGNHAP,MANV,MANSX,MAXE,SLNHAP,DGNHAP,THUENHAP) VALUES('PN00027','04/05/2021','NV009','NSX002','RB007','2','496772000','0.08')
INSERT INTO PHIEUNHAP(MANHAP,NGNHAP,MANV,MANSX,MAXE,SLNHAP,DGNHAP,THUENHAP) VALUES('PN00028','19/05/2021','NV006','NSX002','SHM003','1','67418000','0.08')
INSERT INTO PHIEUNHAP(MANHAP,NGNHAP,MANV,MANSX,MAXE,SLNHAP,DGNHAP,THUENHAP) VALUES('PN00029','06/07/2021','NV009','NSX001','RB001','4','183973000','0.1')
INSERT INTO PHIEUNHAP(MANHAP,NGNHAP,MANV,MANSX,MAXE,SLNHAP,DGNHAP,THUENHAP) VALUES('PN00030','21/08/2021','NV011','NSX001','CB011','4','505231000','0.08')
INSERT INTO PHIEUNHAP(MANHAP,NGNHAP,MANV,MANSX,MAXE,SLNHAP,DGNHAP,THUENHAP) VALUES('PN00031','04/11/2021','NV006','NSX002','RB005','2','449676000','0.08')
INSERT INTO PHIEUNHAP(MANHAP,NGNHAP,MANV,MANSX,MAXE,SLNHAP,DGNHAP,THUENHAP) VALUES('PN00032','07/11/2021','NV009','NSX001','CB002','2','181533000','0.1')
INSERT INTO PHIEUNHAP(MANHAP,NGNHAP,MANV,MANSX,MAXE,SLNHAP,DGNHAP,THUENHAP) VALUES('PN00033','13/11/2021','NV006','NSX002','SHM006','2','56344000','0.1')
INSERT INTO PHIEUNHAP(MANHAP,NGNHAP,MANV,MANSX,MAXE,SLNHAP,DGNHAP,THUENHAP) VALUES('PN00034','05/12/2021','NV009','NSX001','SH012','9','85606000','0.08')
INSERT INTO PHIEUNHAP(MANHAP,NGNHAP,MANV,MANSX,MAXE,SLNHAP,DGNHAP,THUENHAP) VALUES('PN00035','09/12/2021','NV009','NSX001','VS001','1','30345000','0.08')
INSERT INTO PHIEUNHAP(MANHAP,NGNHAP,MANV,MANSX,MAXE,SLNHAP,DGNHAP,THUENHAP) VALUES('PN00036','07/01/2022','NV011','NSX001','VS005','3','35260000','0.08')
INSERT INTO PHIEUNHAP(MANHAP,NGNHAP,MANV,MANSX,MAXE,SLNHAP,DGNHAP,THUENHAP) VALUES('PN00037','20/01/2022','NV011','NSX002','SH006','2','72174000','0.1')
INSERT INTO PHIEUNHAP(MANHAP,NGNHAP,MANV,MANSX,MAXE,SLNHAP,DGNHAP,THUENHAP) VALUES('PN00038','22/01/2022','NV009','NSX001','CBR007','2','257587000','0.1')
INSERT INTO PHIEUNHAP(MANHAP,NGNHAP,MANV,MANSX,MAXE,SLNHAP,DGNHAP,THUENHAP) VALUES('PN00039','03/02/2022','NV011','NSX001','WA001','5','17468000','0.08')
INSERT INTO PHIEUNHAP(MANHAP,NGNHAP,MANV,MANSX,MAXE,SLNHAP,DGNHAP,THUENHAP) VALUES('PN00040','09/02/2022','NV006','NSX002','FU002','4','34257000','0.08')
INSERT INTO PHIEUNHAP(MANHAP,NGNHAP,MANV,MANSX,MAXE,SLNHAP,DGNHAP,THUENHAP) VALUES('PN00041','04/03/2022','NV006','NSX001','SH016','9','148264000','0.08')
INSERT INTO PHIEUNHAP(MANHAP,NGNHAP,MANV,MANSX,MAXE,SLNHAP,DGNHAP,THUENHAP) VALUES('PN00042','13/03/2022','NV009','NSX002','SHM005','7','61591000','0.1')
INSERT INTO PHIEUNHAP(MANHAP,NGNHAP,MANV,MANSX,MAXE,SLNHAP,DGNHAP,THUENHAP) VALUES('PN00043','01/05/2022','NV011','NSX002','SHM008','7','51895000','0.08')
INSERT INTO PHIEUNHAP(MANHAP,NGNHAP,MANV,MANSX,MAXE,SLNHAP,DGNHAP,THUENHAP) VALUES('PN00044','06/05/2022','NV011','NSX002','VS001','7','33458000','0.1')
INSERT INTO PHIEUNHAP(MANHAP,NGNHAP,MANV,MANSX,MAXE,SLNHAP,DGNHAP,THUENHAP) VALUES('PN00045','07/06/2022','NV011','NSX002','VS004','7','30118000','0.1')
INSERT INTO PHIEUNHAP(MANHAP,NGNHAP,MANV,MANSX,MAXE,SLNHAP,DGNHAP,THUENHAP) VALUES('PN00046','14/06/2022','NV006','NSX002','WA008','2','25673000','0.1')
INSERT INTO PHIEUNHAP(MANHAP,NGNHAP,MANV,MANSX,MAXE,SLNHAP,DGNHAP,THUENHAP) VALUES('PN00047','11/09/2022','NV011','NSX001','SH004','1','71864000','0.08')
INSERT INTO PHIEUNHAP(MANHAP,NGNHAP,MANV,MANSX,MAXE,SLNHAP,DGNHAP,THUENHAP) VALUES('PN00048','06/10/2022','NV006','NSX002','FU006','2','27551000','0.08')
INSERT INTO PHIEUNHAP(MANHAP,NGNHAP,MANV,MANSX,MAXE,SLNHAP,DGNHAP,THUENHAP) VALUES('PN00049','06/10/2022','NV009','NSX001','CB011','1','510038000','0.1')
INSERT INTO PHIEUNHAP(MANHAP,NGNHAP,MANV,MANSX,MAXE,SLNHAP,DGNHAP,THUENHAP) VALUES('PN00050','21/10/2022','NV009','NSX001','SH004','8','72131000','0.1')

-- Bảng phiếu xuất
INSERT INTO PHIEUXUAT(MAXUAT,NGXUAT,MANV,MAKH,MAXE,SLXUAT,DGXUAT,THUEXUAT,PTTT,MAGOI) VALUES('PX00001','17/02/2020','NV004','KH00001','SH013','2','90290000','0.1',N'Thẻ Visa, Master Card','TGX50')
INSERT INTO PHIEUXUAT(MAXUAT,NGXUAT,MANV,MAKH,MAXE,SLXUAT,DGXUAT,THUEXUAT,PTTT,MAGOI) VALUES('PX00002','21/03/2020','NV004','KH00002','VS002','2','31899000','0.08',N'Tiền mặt','TGX30')
INSERT INTO PHIEUXUAT(MAXUAT,NGXUAT,MANV,MAKH,MAXE,SLXUAT,DGXUAT,THUEXUAT,PTTT,MAGOI) VALUES('PX00003','22/11/2020','NV007','KH00003','VS004','3','30230000','0.08',N'Thẻ Visa, Master Card','TGX30')
INSERT INTO PHIEUXUAT(MAXUAT,NGXUAT,MANV,MAKH,MAXE,SLXUAT,DGXUAT,THUEXUAT,PTTT) VALUES('PX00004','10/01/2021','NV010','KH00004','VS004','2','30230000','0.1',N'Thẻ ngân hàng')
INSERT INTO PHIEUXUAT(MAXUAT,NGXUAT,MANV,MAKH,MAXE,SLXUAT,DGXUAT,THUEXUAT,PTTT,MAGOI) VALUES('PX00005','13/04/2021','NV004','KH00003','VS002','1','31899000','0.1',N'Tiền mặt','TGX30')
INSERT INTO PHIEUXUAT(MAXUAT,NGXUAT,MANV,MAKH,MAXE,SLXUAT,DGXUAT,THUEXUAT,PTTT) VALUES('PX00006','17/04/2021','NV008','KH00006','AB004','1','57190000','0.1',N'Thẻ Visa, Master Card')
INSERT INTO PHIEUXUAT(MAXUAT,NGXUAT,MANV,MAKH,MAXE,SLXUAT,DGXUAT,THUEXUAT,PTTT,MAGOI) VALUES('PX00007','20/06/2021','NV004','KH00005','AB007','2','55990000','0.1',N'Chuyển khoản','TGX30')
INSERT INTO PHIEUXUAT(MAXUAT,NGXUAT,MANV,MAKH,MAXE,SLXUAT,DGXUAT,THUEXUAT,PTTT,MAGOI) VALUES('PX00008','30/07/2021','NV007','KH00007','SH007','2','98290000','0.1',N'Thẻ Visa, Master Card','TGX40')
INSERT INTO PHIEUXUAT(MAXUAT,NGXUAT,MANV,MAKH,MAXE,SLXUAT,DGXUAT,THUEXUAT,PTTT,MAGOI) VALUES('PX00009','12/9/2021','NV007','KH00008','SHM003','2','62827000','0.1',N'Chuyển khoản','TGX30')
INSERT INTO PHIEUXUAT(MAXUAT,NGXUAT,MANV,MAKH,MAXE,SLXUAT,DGXUAT,THUEXUAT,PTTT) VALUES('PX00010','10/10/2021','NV010','KH00009','AB007','1','55990000','0.08',N'Chuyển khoản')
INSERT INTO PHIEUXUAT(MAXUAT,NGXUAT,MANV,MAKH,MAXE,SLXUAT,DGXUAT,THUEXUAT,PTTT) VALUES('PX00011','20/11/2021','NV007','KH00002','WA010','2','22670000','0.1',N'Tiền mặt')
INSERT INTO PHIEUXUAT(MAXUAT,NGXUAT,MANV,MAKH,MAXE,SLXUAT,DGXUAT,THUEXUAT,PTTT,MAGOI) VALUES('PX00012','12/12/2021','NV008','KH00005','WA006','2','24634000','0.08',N'Thẻ Visa, Master Card','TGX30')
INSERT INTO PHIEUXUAT(MAXUAT,NGXUAT,MANV,MAKH,MAXE,SLXUAT,DGXUAT,THUEXUAT,PTTT,MAGOI) VALUES('PX00013','01/01/2022','NV008','KH00010','BL003','1','21296000','0.1',N'Chuyển khoản','TGX30')
INSERT INTO PHIEUXUAT(MAXUAT,NGXUAT,MANV,MAKH,MAXE,SLXUAT,DGXUAT,THUEXUAT,PTTT) VALUES('PX00014','02/02/2022','NV010','KH00011','BL002','2','21296000','0.1',N'Thẻ ngân hàng')
INSERT INTO PHIEUXUAT(MAXUAT,NGXUAT,MANV,MAKH,MAXE,SLXUAT,DGXUAT,THUEXUAT,PTTT,MAGOI) VALUES('PX00015','20/02/2022','NV007','KH00006','SCC001','2','86783000','0.1',N'Chuyển khoản','TGX40')
INSERT INTO PHIEUXUAT(MAXUAT,NGXUAT,MANV,MAKH,MAXE,SLXUAT,DGXUAT,THUEXUAT,PTTT) VALUES('PX00016','22/02/2022','NV007','KH00008','FU003','1','31507000','0.1',N'Tiền mặt')
INSERT INTO PHIEUXUAT(MAXUAT,NGXUAT,MANV,MAKH,MAXE,SLXUAT,DGXUAT,THUEXUAT,PTTT,MAGOI) VALUES('PX00017','27/02/2022','NV007','KH00006','FU001','2','31507000','0.1',N'Thẻ Visa, Master Card','TGX40')
INSERT INTO PHIEUXUAT(MAXUAT,NGXUAT,MANV,MAKH,MAXE,SLXUAT,DGXUAT,THUEXUAT,PTTT,MAGOI) VALUES('PX00018','01/03/2022','NV007','KH00003','FU007','1','30328000','0.1',N'Thẻ ngân hàng','TGX40')
INSERT INTO PHIEUXUAT(MAXUAT,NGXUAT,MANV,MAKH,MAXE,SLXUAT,DGXUAT,THUEXUAT,PTTT,MAGOI) VALUES('PX00019','10/03/2022','NV010','KH00001','SHM007','2','56641000','0.1',N'Chuyển khoản','TGX50')
INSERT INTO PHIEUXUAT(MAXUAT,NGXUAT,MANV,MAKH,MAXE,SLXUAT,DGXUAT,THUEXUAT,PTTT) VALUES('PX00020','11/03/2022','NV005','KH00005','AT003','1','690490000','0.08',N'Tiền mặt')
INSERT INTO PHIEUXUAT(MAXUAT,NGXUAT,MANV,MAKH,MAXE,SLXUAT,DGXUAT,THUEXUAT,PTTT) VALUES('PX00021','15/03/2022','NV007','KH00003','WA004','2','17859000','0.1',N'Thẻ ngân hàng')
INSERT INTO PHIEUXUAT(MAXUAT,NGXUAT,MANV,MAKH,MAXE,SLXUAT,DGXUAT,THUEXUAT,PTTT,MAGOI) VALUES('PX00022','21/03/2022','NV005','KH00011','LD004','2','42307000','0.1',N'Thẻ ngân hàng','TGX40')
INSERT INTO PHIEUXUAT(MAXUAT,NGXUAT,MANV,MAKH,MAXE,SLXUAT,DGXUAT,THUEXUAT,PTTT,MAGOI) VALUES('PX00023','25/03/2022','NV005','KH00012','SH010','2','99490000','0.08',N'Tiền mặt','TGX30')
INSERT INTO PHIEUXUAT(MAXUAT,NGXUAT,MANV,MAKH,MAXE,SLXUAT,DGXUAT,THUEXUAT,PTTT) VALUES('PX00024','05/04/2022','NV005','KH00013','AT003','1','690490000','0.08',N'Tiền mặt')
INSERT INTO PHIEUXUAT(MAXUAT,NGXUAT,MANV,MAKH,MAXE,SLXUAT,DGXUAT,THUEXUAT,PTTT) VALUES('PX00025','16/04/2022','NV010','KH00014','VS003','2','33274000','0.08',N'Thẻ ngân hàng')
INSERT INTO PHIEUXUAT(MAXUAT,NGXUAT,MANV,MAKH,MAXE,SLXUAT,DGXUAT,THUEXUAT,PTTT,MAGOI) VALUES('PX00026','20/04/2022','NV007','KH00015','VS003','2','33274000','0.1',N'Chuyển khoản','TGX40')
INSERT INTO PHIEUXUAT(MAXUAT,NGXUAT,MANV,MAKH,MAXE,SLXUAT,DGXUAT,THUEXUAT,PTTT,MAGOI) VALUES('PX00027','27/04/2022','NV005','KH00016','WA008','2','21688000','0.1',N'Thẻ Visa, Master Card','TGX30')
INSERT INTO PHIEUXUAT(MAXUAT,NGXUAT,MANV,MAKH,MAXE,SLXUAT,DGXUAT,THUEXUAT,PTTT,MAGOI) VALUES('PX00028','30/4/2022','NV004','KH00013','AB003','2','41325000','0.08',N'Thẻ ngân hàng','TGX50')
INSERT INTO PHIEUXUAT(MAXUAT,NGXUAT,MANV,MAKH,MAXE,SLXUAT,DGXUAT,THUEXUAT,PTTT) VALUES('PX00029','1/5/2022','NV008','KH00005','CB004','2','193790000','0.1',N'Tiền mặt')
INSERT INTO PHIEUXUAT(MAXUAT,NGXUAT,MANV,MAKH,MAXE,SLXUAT,DGXUAT,THUEXUAT,PTTT,MAGOI) VALUES('PX00030','05/05/2022','NV010','KH00008','RB001','2','180800000','0.08',N'Thẻ Visa, Master Card','TGX30')
INSERT INTO PHIEUXUAT(MAXUAT,NGXUAT,MANV,MAKH,MAXE,SLXUAT,DGXUAT,THUEXUAT,PTTT) VALUES('PX00031','07/05/2022','NV007','KH00012','CB001','1','105500000','0.1',N'Thẻ Visa, Master Card')
INSERT INTO PHIEUXUAT(MAXUAT,NGXUAT,MANV,MAKH,MAXE,SLXUAT,DGXUAT,THUEXUAT,PTTT,MAGOI) VALUES('PX00032','10/05/2022','NV005','KH00003','CBR005','2','192490000','0.08',N'Thẻ Visa, Master Card','TGX30')
INSERT INTO PHIEUXUAT(MAXUAT,NGXUAT,MANV,MAKH,MAXE,SLXUAT,DGXUAT,THUEXUAT,PTTT,MAGOI) VALUES('PX00033','12/05/2022','NV008','KH00002','CBR005','1','192490000','0.1',N'Chuyển khoản','TGX30')
INSERT INTO PHIEUXUAT(MAXUAT,NGXUAT,MANV,MAKH,MAXE,SLXUAT,DGXUAT,THUEXUAT,PTTT,MAGOI) VALUES('PX00034','17/05/2022','NV005','KH00012','CB007','1','246490000','0.08',N'Thẻ Visa, Master Card','TGX40')
INSERT INTO PHIEUXUAT(MAXUAT,NGXUAT,MANV,MAKH,MAXE,SLXUAT,DGXUAT,THUEXUAT,PTTT) VALUES('PX00035','20/6/2022','NV007','KH00010','VS001','3','31899000','0.1',N'Tiền mặt')
INSERT INTO PHIEUXUAT(MAXUAT,NGXUAT,MANV,MAKH,MAXE,SLXUAT,DGXUAT,THUEXUAT,PTTT,MAGOI) VALUES('PX00036','26/06/2022','NV010','KH00002','SH016','1','148990000','0.08',N'Thẻ Visa, Master Card','TGX30')
INSERT INTO PHIEUXUAT(MAXUAT,NGXUAT,MANV,MAKH,MAXE,SLXUAT,DGXUAT,THUEXUAT,PTTT) VALUES('PX00037','10/09/2022','NV005','KH00003','CB002','1','184490000','0.1',N'Chuyển khoản')
INSERT INTO PHIEUXUAT(MAXUAT,NGXUAT,MANV,MAKH,MAXE,SLXUAT,DGXUAT,THUEXUAT,PTTT,MAGOI) VALUES('PX00038','12/09/2022','NV005','KH00012','AB007','1','55990000','0.1',N'Thẻ Visa, Master Card','TGX40')
INSERT INTO PHIEUXUAT(MAXUAT,NGXUAT,MANV,MAKH,MAXE,SLXUAT,DGXUAT,THUEXUAT,PTTT,MAGOI) VALUES('PX00039','14/09/2022','NV008','KH00014','SH014','1','90290000','0.1',N'Tiền mặt','TGX40')
INSERT INTO PHIEUXUAT(MAXUAT,NGXUAT,MANV,MAKH,MAXE,SLXUAT,DGXUAT,THUEXUAT,PTTT,MAGOI) VALUES('PX00040','16/09/2022','NV005','KH00004','CBR006','2','254490000','0.1',N'Thẻ Visa, Master Card','TGX40')
INSERT INTO PHIEUXUAT(MAXUAT,NGXUAT,MANV,MAKH,MAXE,SLXUAT,DGXUAT,THUEXUAT,PTTT) VALUES('PX00041','20/09/2022','NV010','KH00005','SH011','2','99990000','0.08',N'Tiền mặt')
INSERT INTO PHIEUXUAT(MAXUAT,NGXUAT,MANV,MAKH,MAXE,SLXUAT,DGXUAT,THUEXUAT,PTTT) VALUES('PX00042','22/9/2022','NV007','KH00007','BL002','2','21296000','0.1',N'Tiền mặt')
INSERT INTO PHIEUXUAT(MAXUAT,NGXUAT,MANV,MAKH,MAXE,SLXUAT,DGXUAT,THUEXUAT,PTTT,MAGOI) VALUES('PX00043','27/09/2022','NV008','KH00007','AB004','1','57190000','0.1',N'Thẻ Visa, Master Card','TGX50')
INSERT INTO PHIEUXUAT(MAXUAT,NGXUAT,MANV,MAKH,MAXE,SLXUAT,DGXUAT,THUEXUAT,PTTT) VALUES('PX00044','29/09/2022','NV004','KH00008','SH010','2','99490000','0.1',N'Thẻ Visa, Master Card')
INSERT INTO PHIEUXUAT(MAXUAT,NGXUAT,MANV,MAKH,MAXE,SLXUAT,DGXUAT,THUEXUAT,PTTT,MAGOI) VALUES('PX00045','01/10/2022','NV007','KH00010','FU002','1','31507000','0.1',N'Thẻ Visa, Master Card','TGX50')
INSERT INTO PHIEUXUAT(MAXUAT,NGXUAT,MANV,MAKH,MAXE,SLXUAT,DGXUAT,THUEXUAT,PTTT,MAGOI) VALUES('PX00046','06/10/2022','NV005','KH00015','WA007','1','24634000','0.1',N'Chuyển khoản','TGX40')
INSERT INTO PHIEUXUAT(MAXUAT,NGXUAT,MANV,MAKH,MAXE,SLXUAT,DGXUAT,THUEXUAT,PTTT) VALUES('PX00047','12/10/2022','NV010','KH00005','FU005','1','31997000','0.08',N'Chuyển khoản')
INSERT INTO PHIEUXUAT(MAXUAT,NGXUAT,MANV,MAKH,MAXE,SLXUAT,DGXUAT,THUEXUAT,PTTT,MAGOI) VALUES('PX00048','19/10/2022','NV005','KH00011','SHM006','2','56641000','0.08',N'Tiền mặt','TGX50')
INSERT INTO PHIEUXUAT(MAXUAT,NGXUAT,MANV,MAKH,MAXE,SLXUAT,DGXUAT,THUEXUAT,PTTT,MAGOI) VALUES('PX00049','01/11/2022','NV005','KH00006','WA005','2','24634000','0.1',N'Thẻ Visa, Master Card','TGX50')
INSERT INTO PHIEUXUAT(MAXUAT,NGXUAT,MANV,MAKH,MAXE,SLXUAT,DGXUAT,THUEXUAT,PTTT,MAGOI) VALUES('PX00050','10/11/2022','NV010','KH00009','FU003','1','31507000','0.08',N'Chuyển khoản','TGX30')
